Crop,Nitrogen,Phosphorus,Potassium,pH,Temperature,Humidity,Rainfall,Irrigation,Yield_Tonnes_Per_Hectare
Rice,156.0,65.8,51.5,5.61,21.3,57.6,2705.6,Sprinkler,2.12
Rice,112.8,30.3,30.7,4.63,26.8,61.6,2460.6,Flood,2.02
Rice,139.2,36.5,47.9,6.74,19.0,82.3,1175.2,Drip,2.68
Rice,86.9,57.3,48.3,5.0,22.9,73.7,1273.4,Rainfed,1.94
Rice,112.3,55.6,33.5,7.72,34.3,97.3,2768.6,Sprinkler,2.22
Rice,143.6,45.1,37.7,6.61,21.0,91.1,964.0,Rainfed,1.28
Rice,79.7,25.8,61.0,7.04,33.3,89.7,962.9,Sprinkler,2.23
Rice,121.1,55.5,56.6,6.44,22.0,85.0,2141.2,Rainfed,2.21
Rice,137.8,52.7,48.2,6.31,18.5,59.9,869.1,Sprinkler,2.48
Rice,84.8,48.1,58.4,5.79,19.6,68.0,1154.7,Rainfed,1.67
Rice,123.8,73.4,60.5,5.69,36.7,79.3,2576.4,Flood,1.97
Rice,36.2,16.2,5.1,6.52,27.1,67.8,1179.8,Rainfed,1.72
Rice,92.6,50.8,51.1,6.23,45.8,93.7,1377.7,Sprinkler,2.5
Rice,86.6,79.2,43.4,5.29,25.2,83.5,2297.6,Sprinkler,2.46
Rice,115.6,58.1,29.0,6.16,23.1,91.1,1834.7,Rainfed,2.25
Rice,74.8,53.5,55.8,7.43,24.8,64.9,2364.5,Flood,2.22
Rice,69.3,77.2,42.8,6.55,35.6,85.4,2417.5,Drip,2.93
Rice,138.8,50.7,37.8,7.49,36.4,34.0,358.9,Rainfed,1.27
Rice,21.2,14.4,16.7,7.27,33.3,82.5,1126.2,Rainfed,1.61
Rice,97.3,77.2,67.9,5.94,24.4,76.9,1786.5,Rainfed,2.13
Rice,86.6,43.0,52.4,4.78,34.4,83.0,1852.5,Rainfed,2.11
Rice,119.4,79.3,46.7,7.56,27.1,70.8,2219.2,Flood,2.3
Rice,82.9,53.0,50.4,7.2,18.9,98.0,1833.9,Drip,2.92
Rice,93.1,55.9,50.4,7.75,19.6,68.8,1220.0,Drip,2.69
Rice,97.3,47.2,62.2,7.62,19.5,64.4,2276.5,Sprinkler,2.32
Rice,145.6,33.0,56.3,6.64,24.2,73.9,1363.7,Sprinkler,2.51
Rice,30.1,7.5,5.9,6.29,20.9,91.0,1041.4,Sprinkler,2.02
Rice,15.0,17.8,15.9,7.22,24.3,61.4,1454.9,Flood,1.84
Rice,36.5,8.5,17.5,6.41,34.3,66.8,1617.0,Flood,2.26
Rice,111.9,43.3,60.1,5.9,27.2,58.5,855.8,Rainfed,1.57
Rice,130.1,48.0,33.0,5.61,23.3,79.7,2372.1,Flood,2.29
Rice,102.1,39.1,41.0,7.17,18.3,60.2,901.2,Drip,2.84
Rice,130.9,51.6,29.8,6.48,27.9,62.8,1754.5,Sprinkler,3.14
Rice,113.8,50.1,55.7,6.82,22.8,21.8,274.8,Rainfed,1.53
Rice,126.1,57.1,47.2,5.76,44.9,88.7,1938.9,Drip,2.74
Rice,129.1,30.9,54.4,6.06,22.0,84.4,1943.4,Rainfed,1.93
Rice,134.1,69.7,37.8,5.66,33.8,91.3,2979.1,Sprinkler,2.35
Rice,154.0,72.7,44.2,7.15,33.8,59.6,2785.6,Sprinkler,2.2
Rice,92.0,74.8,42.4,5.23,37.0,59.1,1502.5,Rainfed,1.84
Rice,105.0,41.6,39.8,6.95,33.8,90.6,2537.2,Drip,2.95
Rice,65.3,55.7,44.7,7.51,25.4,60.3,1114.6,Flood,2.16
Rice,85.6,45.9,56.8,5.79,28.7,68.2,1872.0,Rainfed,2.17
Rice,148.9,38.5,65.0,6.74,25.4,86.9,1859.7,Sprinkler,2.58
Rice,103.6,39.5,43.1,6.69,33.6,89.5,2610.1,Flood,2.51
Rice,83.6,47.5,46.3,5.42,29.1,74.6,2564.6,Rainfed,1.75
Rice,139.5,33.0,46.6,7.44,28.9,82.0,2043.6,Rainfed,2.06
Rice,123.2,57.6,64.7,5.32,23.9,97.8,2758.6,Sprinkler,2.12
Rice,97.2,39.2,38.0,6.22,24.4,31.3,61.3,Rainfed,1.48
Rice,101.2,58.7,37.3,5.55,19.6,97.3,1716.6,Sprinkler,2.66
Rice,34.9,11.2,17.8,6.25,32.7,73.8,2243.7,Drip,2.56
Rice,107.1,48.3,37.4,5.35,36.2,91.6,2999.4,Rainfed,1.9
Rice,145.7,39.1,45.1,5.54,38.0,82.3,1303.0,Flood,2.18
Rice,95.9,31.7,54.7,6.55,34.2,78.4,2674.8,Sprinkler,2.67
Rice,73.1,27.1,58.3,6.81,32.8,64.6,1100.0,Drip,2.74
Rice,119.4,47.1,44.5,7.55,25.3,78.1,2524.0,Sprinkler,2.65
Rice,74.4,76.5,46.9,5.87,27.6,98.0,1883.8,Drip,2.99
Rice,83.9,29.7,31.1,5.53,21.2,61.2,2209.9,Drip,2.68
Rice,127.3,35.0,33.9,5.31,21.5,67.5,1189.4,Drip,2.53
Rice,21.4,16.6,6.7,6.16,25.5,63.2,1721.7,Sprinkler,2.4
Rice,78.2,37.0,41.6,6.46,31.0,71.6,1817.6,Flood,2.56
Rice,119.9,65.8,45.4,6.56,40.6,75.7,1798.9,Flood,2.5
Rice,36.9,6.2,12.0,5.97,25.8,76.6,1532.7,Drip,2.41
Rice,68.3,55.0,51.0,7.14,27.1,60.7,1424.3,Sprinkler,2.8
Rice,159.6,58.8,35.8,5.46,21.2,66.1,1153.5,Drip,2.69
Rice,77.1,74.8,29.0,6.56,26.6,98.0,1046.5,Sprinkler,2.52
Rice,127.5,58.7,46.1,6.45,45.0,67.2,2452.0,Rainfed,1.96
Rice,111.0,38.8,30.5,6.79,24.1,81.2,1139.6,Sprinkler,2.6
Rice,73.1,29.0,68.6,6.04,35.0,66.5,2299.3,Flood,2.17
Rice,107.4,48.2,40.7,7.62,35.4,98.0,1073.5,Flood,2.28
Rice,144.9,33.2,60.1,5.72,21.4,62.4,2592.1,Flood,2.01
Rice,95.9,73.7,42.6,7.32,27.2,72.0,1817.9,Drip,3.03
Rice,22.5,11.9,5.9,5.96,29.2,75.1,1499.2,Flood,2.19
Rice,73.6,69.2,52.5,6.59,36.8,90.5,1133.7,Drip,2.84
Rice,123.4,65.1,40.3,7.14,21.9,41.2,94.6,Rainfed,1.19
Rice,140.4,33.7,35.5,7.08,33.1,83.9,2326.7,Sprinkler,2.4
Rice,94.0,39.1,42.7,6.08,30.5,42.8,98.7,Rainfed,1.28
Rice,10.6,16.3,17.1,6.63,31.8,92.3,2060.9,Sprinkler,2.21
Rice,121.6,67.4,57.8,6.4,40.7,94.5,2258.3,Sprinkler,2.63
Rice,93.2,42.6,35.4,6.78,26.0,88.5,1252.3,Flood,2.41
Rice,147.1,76.3,45.8,6.45,37.3,81.4,872.3,Rainfed,1.38
Rice,25.9,10.4,16.9,6.22,29.9,82.1,1019.6,Drip,2.44
Rice,116.1,72.8,48.8,5.68,24.3,68.9,1674.1,Sprinkler,2.68
Rice,95.0,51.3,52.7,6.18,35.6,81.4,1446.9,Flood,2.76
Rice,109.9,67.6,30.0,6.07,19.6,88.9,1399.1,Flood,2.53
Rice,140.8,79.3,62.0,7.45,26.6,79.8,1358.6,Drip,2.9
Rice,117.3,74.3,49.7,7.07,34.9,98.0,2127.0,Flood,2.35
Rice,155.4,33.3,43.2,6.04,19.8,83.5,2419.0,Flood,2.28
Rice,122.9,44.0,61.4,6.14,18.7,92.4,1559.4,Flood,2.48
Rice,146.9,37.6,67.9,7.23,20.4,80.5,2967.8,Sprinkler,2.08
Rice,134.8,63.9,43.0,5.77,31.5,74.0,1091.0,Rainfed,1.79
Rice,128.8,70.7,48.5,7.32,28.5,58.0,1691.5,Sprinkler,2.69
Rice,133.0,65.0,47.9,6.7,44.0,66.1,2371.6,Sprinkler,2.42
Rice,137.7,48.7,40.9,7.69,21.9,59.1,2496.2,Drip,2.56
Rice,132.7,59.1,66.8,6.23,38.0,61.1,1864.3,Drip,2.97
Rice,75.9,71.8,62.3,7.68,21.2,83.0,1843.3,Drip,2.5
Rice,120.2,50.8,28.8,5.4,18.0,98.0,811.6,Drip,2.26
Rice,141.5,78.4,59.9,7.0,28.9,58.9,2908.0,Flood,2.23
Rice,124.2,79.4,64.8,6.88,32.6,57.3,2273.8,Drip,2.81
Rice,160.9,56.1,46.1,6.01,20.5,87.9,1223.7,Drip,2.83
Rice,65.1,50.5,48.2,6.88,31.7,71.4,2033.5,Sprinkler,2.72
Rice,113.3,49.8,43.1,6.69,34.9,79.2,2255.6,Flood,2.25
Rice,101.9,50.9,68.6,5.2,21.9,72.3,2851.7,Drip,2.53
Rice,123.7,46.1,44.4,6.76,34.9,94.4,2152.4,Rainfed,1.92
Rice,83.7,31.6,40.9,5.95,24.2,65.5,892.6,Drip,2.53
Rice,102.9,46.6,55.1,5.77,37.9,90.4,996.7,Sprinkler,2.72
Rice,74.5,46.1,55.1,4.28,34.1,64.2,1070.4,Drip,2.37
Rice,40.6,15.7,15.4,6.76,23.7,78.1,1895.9,Drip,2.56
Rice,130.1,34.0,61.0,5.78,22.7,79.2,2104.5,Sprinkler,2.38
Rice,22.5,8.5,11.2,5.59,34.5,61.2,1493.6,Drip,2.12
Rice,97.3,39.8,57.0,6.49,19.7,64.9,2303.2,Drip,2.92
Rice,109.8,51.9,51.3,7.34,25.3,85.5,2044.6,Drip,3.05
Rice,145.8,73.2,56.3,7.38,32.6,85.6,2160.9,Flood,2.21
Rice,137.3,48.6,56.4,5.51,44.9,68.0,2363.1,Sprinkler,2.26
Rice,60.1,41.3,52.3,7.75,31.3,66.7,2194.8,Sprinkler,2.46
Rice,70.4,67.4,49.0,7.7,25.2,83.5,2850.5,Drip,2.46
Rice,81.6,60.8,51.3,6.45,40.3,62.6,2278.6,Sprinkler,2.59
Rice,157.8,66.7,31.2,7.17,18.5,56.0,1511.9,Sprinkler,2.42
Rice,87.3,80.3,44.0,6.37,21.4,90.8,2326.1,Drip,2.93
Rice,115.8,40.9,58.5,4.18,27.3,93.0,1629.6,Flood,2.11
Rice,133.0,66.5,34.2,7.46,33.0,80.3,1837.4,Sprinkler,2.51
Rice,37.8,15.1,15.0,7.19,32.9,81.9,1196.9,Drip,2.32
Rice,29.4,8.2,12.3,5.95,22.7,82.8,1488.9,Sprinkler,2.0
Rice,91.0,50.5,26.0,5.39,26.2,76.6,2120.0,Drip,2.93
Rice,63.5,51.9,30.1,5.83,38.7,61.4,1897.6,Sprinkler,2.54
Rice,116.3,26.0,39.7,6.55,19.8,70.8,873.0,Drip,2.63
Rice,129.5,69.5,34.2,5.64,20.2,83.6,2354.2,Drip,2.53
Rice,64.8,55.3,56.3,7.46,33.0,91.1,1546.8,Flood,2.44
Rice,124.8,54.5,57.3,5.41,19.3,66.1,1151.0,Flood,2.15
Rice,122.1,64.9,43.0,4.05,22.7,60.7,1979.9,Drip,2.51
Rice,66.8,27.2,36.7,6.4,36.2,87.7,2434.0,Sprinkler,2.51
Rice,97.2,79.8,27.2,7.45,30.2,74.7,2395.6,Sprinkler,2.26
Rice,152.1,37.1,52.6,6.84,33.4,60.9,2374.8,Rainfed,1.84
Rice,96.1,50.5,42.4,4.08,27.4,63.4,1607.5,Sprinkler,2.42
Rice,76.1,47.0,67.7,5.87,31.8,69.6,2501.6,Drip,2.74
Rice,105.6,38.5,28.7,5.64,28.9,70.2,2623.5,Sprinkler,2.62
Rice,76.5,34.7,27.1,7.11,31.9,76.4,2657.2,Flood,2.02
Rice,147.6,36.8,30.4,5.9,19.2,78.9,2860.5,Drip,2.35
Rice,91.6,53.4,27.3,5.59,38.7,98.0,810.9,Rainfed,1.19
Rice,147.6,50.5,47.9,6.47,32.0,61.3,865.9,Drip,2.79
Rice,157.9,30.7,54.8,6.35,36.2,63.0,2323.8,Flood,2.26
Rice,128.8,52.8,52.4,7.46,30.0,56.4,2848.1,Flood,2.09
Rice,99.5,61.3,30.1,6.91,39.0,57.2,2949.8,Sprinkler,2.38
Rice,138.9,56.7,57.6,7.48,26.5,69.7,2268.7,Flood,2.35
Rice,142.5,32.1,49.2,5.21,24.8,71.5,1671.6,Flood,2.33
Rice,105.0,38.6,41.7,5.79,19.5,82.2,2270.1,Sprinkler,2.33
Rice,112.2,51.9,26.6,6.09,26.0,72.9,2076.4,Sprinkler,2.73
Rice,137.1,70.2,56.7,7.68,18.4,63.8,816.6,Sprinkler,2.05
Rice,65.6,76.9,40.8,5.46,28.2,66.6,1426.7,Drip,2.79
Rice,114.2,42.6,52.0,7.06,23.7,73.6,1068.1,Drip,2.76
Rice,131.5,31.4,50.2,5.87,38.2,76.8,2573.2,Sprinkler,2.38
Rice,77.9,30.1,49.1,6.53,30.1,39.8,276.3,Rainfed,1.35
Rice,137.6,56.1,36.6,5.99,33.4,93.3,2277.1,Flood,2.22
Rice,74.7,48.8,32.2,5.81,36.3,76.3,1977.8,Drip,2.71
Rice,86.2,45.6,47.8,6.49,45.9,64.8,2042.7,Flood,2.31
Rice,104.7,65.3,26.2,6.09,35.2,82.1,1541.9,Rainfed,1.97
Rice,120.0,47.6,41.5,6.09,31.0,74.9,2630.1,Flood,2.5
Rice,89.0,53.7,50.4,5.96,27.8,66.7,1078.5,Rainfed,1.92
Rice,104.8,43.8,50.8,5.43,38.2,83.6,2460.6,Drip,2.51
Rice,102.4,70.7,25.6,5.98,38.6,76.4,1641.6,Drip,2.9
Rice,76.5,40.3,53.6,7.23,30.3,77.7,1239.0,Rainfed,2.06
Rice,91.2,40.5,40.8,4.11,35.9,79.4,1458.3,Rainfed,1.83
Rice,75.9,68.7,50.5,6.67,26.2,77.6,1673.8,Sprinkler,2.81
Rice,127.9,54.8,56.9,5.57,22.5,91.8,1509.6,Drip,2.77
Rice,117.7,76.8,50.5,6.45,24.6,82.3,1106.2,Flood,2.35
Rice,91.7,77.9,61.4,6.93,20.6,76.5,1913.4,Drip,2.83
Rice,148.4,40.8,62.5,5.2,18.4,82.1,1602.6,Sprinkler,2.18
Rice,79.0,37.1,46.6,7.16,31.0,68.4,1746.7,Drip,2.97
Rice,122.2,60.3,35.5,5.8,22.6,62.8,2242.6,Flood,2.25
Rice,139.9,47.8,54.0,6.12,29.0,76.7,1189.2,Sprinkler,2.69
Rice,118.6,63.0,33.8,6.81,24.8,92.5,2184.5,Drip,2.86
Rice,96.0,40.6,49.4,4.6,24.5,65.2,1190.8,Sprinkler,2.51
Rice,97.7,47.2,45.5,7.24,36.7,98.0,2531.2,Drip,2.68
Rice,103.9,39.5,62.1,5.3,36.9,75.8,2201.8,Flood,2.21
Rice,66.3,54.0,32.0,7.12,28.8,85.6,891.7,Drip,2.85
Rice,66.8,29.4,26.0,7.69,33.5,70.9,1452.4,Drip,2.62
Rice,98.8,52.0,54.9,5.64,42.5,62.9,1772.0,Drip,2.93
Rice,137.6,59.9,42.1,5.73,20.5,82.7,2504.2,Sprinkler,2.32
Rice,140.6,41.6,68.1,6.76,30.2,88.7,2585.9,Flood,2.28
Rice,39.7,7.9,9.8,6.36,27.5,81.5,2414.6,Sprinkler,2.27
Rice,60.8,80.1,54.7,6.02,36.5,66.6,1996.8,Sprinkler,2.47
Rice,73.8,42.8,52.6,4.32,29.2,85.5,1161.9,Drip,2.68
Rice,80.5,43.7,42.4,7.02,44.5,81.4,1158.9,Flood,2.22
Rice,148.1,60.5,58.6,5.62,27.7,55.4,1342.7,Flood,2.43
Rice,122.0,62.6,48.4,6.88,26.4,33.5,233.5,Rainfed,1.35
Rice,144.8,71.3,26.0,7.15,33.9,85.5,2463.8,Flood,2.11
Rice,115.0,61.2,36.5,5.78,31.3,60.1,1267.6,Rainfed,1.67
Rice,82.7,45.5,42.1,5.05,28.7,85.3,1156.2,Sprinkler,2.72
Rice,128.2,69.8,37.2,7.35,28.5,58.5,928.8,Drip,2.92
Rice,131.3,68.9,48.0,6.34,21.1,69.8,1754.8,Drip,3.06
Rice,160.8,76.8,53.5,6.3,31.4,90.4,1060.3,Sprinkler,2.3
Rice,98.5,57.0,51.1,5.68,25.6,70.1,857.6,Drip,2.74
Rice,89.8,77.2,36.8,6.32,36.3,92.9,1209.4,Flood,2.38
Rice,108.5,32.8,29.0,7.09,28.4,74.7,2404.9,Flood,2.44
Rice,116.0,68.3,32.1,4.07,24.8,69.2,1370.5,Rainfed,1.68
Rice,158.4,45.9,44.2,7.4,23.6,62.0,2676.8,Drip,2.66
Rice,91.5,68.0,29.3,5.82,33.4,79.7,1081.6,Flood,2.45
Rice,143.5,68.8,52.7,6.49,38.6,61.5,2395.3,Drip,2.55
Rice,157.7,35.6,26.5,7.07,26.8,59.0,2304.3,Sprinkler,2.34
Rice,82.6,47.7,49.1,7.26,29.5,82.6,1297.5,Flood,2.35
Rice,81.4,30.9,63.0,6.4,33.7,68.1,2531.3,Drip,2.72
Rice,158.8,69.2,47.1,6.08,36.3,79.5,2468.5,Flood,2.02
Rice,155.6,56.3,58.2,6.65,29.6,59.2,1556.1,Drip,3.08
Rice,140.5,46.0,45.1,6.23,20.0,74.8,1230.3,Drip,2.82
Rice,87.6,42.7,53.5,5.71,36.8,78.4,1784.7,Sprinkler,2.57
Rice,95.4,65.9,35.1,6.51,43.6,61.2,1545.5,Rainfed,1.88
Rice,122.0,30.1,63.9,7.29,28.6,98.0,1719.1,Rainfed,2.11
Rice,123.9,34.6,63.9,6.31,21.4,55.6,2031.5,Sprinkler,2.69
Rice,138.1,43.5,38.9,7.34,21.9,86.6,2482.1,Rainfed,1.87
Rice,125.6,42.8,36.6,7.33,36.5,78.6,1337.5,Drip,2.77
Rice,151.4,66.2,33.8,6.8,27.1,81.0,2423.8,Flood,2.25
Rice,85.3,27.2,57.7,5.48,24.6,55.2,2299.7,Drip,2.73
Rice,72.3,42.2,49.6,7.38,34.8,86.8,2182.7,Rainfed,1.86
Rice,85.9,75.4,54.7,6.66,20.3,75.1,1812.8,Flood,2.19
Rice,70.7,48.7,27.3,7.12,37.3,67.6,2688.4,Drip,2.61
Rice,136.0,69.8,26.3,7.7,33.3,68.7,2624.7,Drip,2.43
Rice,10.4,11.1,8.9,6.7,25.1,70.5,2114.8,Rainfed,1.84
Rice,129.7,56.7,47.8,5.07,23.2,62.8,1359.3,Drip,2.63
Rice,139.6,57.0,54.2,5.86,22.6,77.0,2422.6,Sprinkler,2.29
Rice,128.1,65.2,47.2,6.53,42.6,71.1,1651.9,Flood,2.34
Rice,114.2,53.7,51.1,5.97,28.7,63.6,1576.8,Rainfed,2.13
Rice,125.7,77.8,51.6,7.13,28.6,83.5,956.1,Drip,2.71
Rice,89.4,68.9,39.9,6.46,41.2,81.4,1421.0,Rainfed,1.74
Rice,114.0,72.5,27.7,7.37,35.7,67.8,1818.3,Sprinkler,2.49
Rice,22.7,6.1,13.0,5.73,25.9,77.8,2311.3,Drip,2.08
Rice,64.1,50.3,65.9,5.63,26.2,87.8,2741.0,Flood,2.21
Rice,132.4,78.0,56.9,7.44,18.0,87.3,2625.1,Drip,2.2
Rice,85.6,62.1,60.3,6.92,19.9,81.8,2009.1,Rainfed,1.79
Rice,101.4,61.0,53.6,7.51,30.6,77.6,1105.5,Drip,2.73
Rice,120.7,34.8,57.1,5.63,43.2,65.0,1017.6,Sprinkler,1.94
Rice,133.7,62.3,36.5,6.43,33.9,21.7,185.6,Rainfed,1.51
Rice,100.5,29.8,49.1,7.44,30.4,65.2,1645.3,Sprinkler,2.89
Rice,110.8,44.8,48.0,6.91,44.1,73.1,1250.3,Drip,2.81
Rice,64.0,67.4,66.7,6.08,28.9,72.1,814.8,Sprinkler,2.46
Rice,107.2,63.7,47.4,6.62,21.8,65.9,2458.0,Rainfed,2.19
Rice,107.2,35.4,33.0,5.92,45.6,74.5,1593.2,Sprinkler,2.47
Rice,150.9,31.9,67.1,6.02,36.7,82.1,2618.8,Rainfed,1.85
Rice,157.1,46.9,42.3,6.09,29.4,61.9,2018.2,Sprinkler,2.82
Rice,90.2,39.8,34.0,5.35,25.2,67.2,2926.1,Sprinkler,2.35
Rice,118.4,33.2,44.8,6.83,28.3,73.1,2986.5,Flood,2.44
Rice,79.9,47.2,27.2,6.44,29.4,65.2,2920.9,Rainfed,2.17
Rice,113.6,73.3,31.2,7.26,20.6,90.7,1406.7,Flood,2.28
Rice,147.2,57.9,41.8,5.94,22.3,89.3,1650.4,Sprinkler,2.65
Rice,118.1,73.1,68.2,6.26,35.4,89.4,2061.8,Rainfed,1.94
Rice,104.1,72.1,64.3,5.36,36.6,75.2,1923.0,Sprinkler,2.43
Rice,61.4,51.7,55.4,7.08,32.5,61.0,1458.7,Sprinkler,2.56
Rice,35.4,17.9,7.6,7.49,21.5,60.1,1066.2,Rainfed,1.56
Rice,134.7,33.4,58.3,7.2,31.8,89.5,2661.0,Sprinkler,2.38
Rice,98.5,32.6,40.5,4.13,33.7,93.2,1108.5,Drip,2.43
Rice,75.4,50.0,53.8,6.91,20.9,21.8,191.0,Rainfed,1.2
Rice,141.1,76.6,43.1,7.56,24.8,76.4,1297.3,Sprinkler,2.33
Rice,120.8,45.2,53.7,5.52,36.7,77.6,1788.6,Sprinkler,2.55
Rice,84.1,64.8,61.3,7.29,29.6,78.4,1114.3,Flood,2.31
Rice,109.9,41.1,31.3,6.84,19.1,88.7,1498.7,Drip,2.86
Rice,131.3,28.9,62.0,5.21,23.2,88.3,1495.8,Drip,2.59
Rice,86.9,71.8,39.1,7.25,36.7,74.5,2801.9,Sprinkler,2.26
Rice,123.7,64.2,25.7,5.63,33.0,85.0,2925.3,Flood,2.25
Rice,130.8,41.9,30.1,7.23,31.5,57.2,1592.1,Rainfed,1.74
Rice,80.7,45.8,41.6,5.34,34.1,73.7,2608.8,Flood,2.15
Rice,37.8,14.5,13.4,7.09,32.8,61.3,1592.1,Rainfed,1.86
Rice,125.0,47.2,56.5,5.72,36.7,67.9,1609.1,Drip,2.95
Rice,108.1,34.0,50.6,5.98,35.5,41.0,298.3,Rainfed,1.23
Rice,86.6,65.4,63.7,5.31,26.4,89.3,1800.8,Drip,2.96
Rice,138.3,35.0,30.5,4.92,33.7,64.2,1398.4,Rainfed,1.62
Rice,82.2,60.8,50.3,6.68,31.9,79.7,2734.4,Flood,2.2
Rice,143.7,58.8,38.2,5.74,21.2,95.5,2362.3,Rainfed,1.77
Rice,74.0,68.3,58.3,4.94,36.9,79.1,2444.2,Rainfed,1.86
Rice,80.3,65.4,52.5,7.53,35.8,69.2,1407.7,Rainfed,1.96
Rice,88.2,43.8,57.5,6.08,42.8,91.2,2061.6,Sprinkler,2.5
Rice,154.0,52.9,35.5,5.32,26.7,68.6,2474.4,Sprinkler,2.45
Rice,115.0,35.4,45.4,6.66,36.1,76.7,2774.9,Flood,2.31
Rice,125.5,64.2,37.3,7.42,41.2,93.3,2492.2,Rainfed,1.71
Rice,100.6,53.7,32.2,6.74,36.7,66.7,2188.9,Rainfed,2.12
Rice,155.3,78.3,48.2,7.74,33.9,62.3,1849.2,Flood,2.21
Rice,76.0,56.6,59.1,6.5,18.3,55.4,1585.5,Rainfed,1.9
Rice,73.2,62.3,35.3,6.53,44.8,68.9,1368.7,Drip,2.93
Rice,14.9,17.9,17.4,6.49,28.7,76.9,1953.2,Rainfed,1.83
Rice,152.7,77.8,50.6,6.13,34.5,66.3,2041.0,Sprinkler,2.37
Rice,138.2,31.1,55.2,7.0,23.9,93.5,1222.3,Rainfed,1.99
Rice,82.3,49.2,56.8,6.66,27.0,69.7,2647.3,Drip,3.03
Rice,100.2,67.5,61.3,7.51,29.4,64.2,1361.7,Drip,2.84
Rice,62.8,60.5,41.3,5.97,36.5,75.7,1009.1,Flood,2.1
Rice,111.8,51.0,27.5,5.95,37.6,72.6,2002.7,Sprinkler,2.77
Rice,65.7,45.4,57.0,5.72,22.3,55.5,1762.5,Flood,2.48
Rice,101.7,67.2,52.0,7.53,35.2,66.4,1397.2,Drip,2.68
Rice,161.0,47.8,35.1,7.18,29.4,61.7,1637.5,Sprinkler,2.7
Rice,123.3,52.0,41.2,7.67,31.3,60.8,2032.2,Flood,2.22
Rice,77.0,79.0,45.0,5.61,21.8,59.4,2567.7,Drip,2.49
Rice,21.1,9.4,17.7,7.21,31.9,85.4,1843.1,Flood,1.99
Rice,91.2,52.0,47.5,6.21,37.0,55.7,2520.8,Drip,2.9
Rice,69.4,56.2,47.3,7.04,29.2,79.3,1745.1,Drip,3.26
Rice,71.5,78.4,56.6,7.68,22.8,94.6,2579.3,Flood,1.8
Rice,110.4,29.4,39.1,7.63,35.9,98.0,2181.6,Drip,2.78
Rice,27.6,8.7,9.0,6.21,30.6,71.7,2099.0,Sprinkler,2.09
Rice,68.0,43.8,55.0,5.39,22.3,72.2,2960.5,Flood,2.02
Rice,71.3,68.5,59.7,6.76,38.8,69.6,2870.8,Rainfed,1.69
Rice,70.0,55.6,68.1,6.64,22.0,81.2,1249.8,Sprinkler,2.53
Rice,84.4,49.3,38.1,6.07,43.9,93.9,1905.5,Flood,2.31
Rice,106.0,30.6,49.6,6.87,32.8,71.8,2040.1,Sprinkler,2.7
Rice,118.7,54.4,36.4,5.21,21.7,60.3,1788.0,Sprinkler,2.44
Rice,10.5,12.6,8.3,6.4,36.3,74.0,2259.7,Sprinkler,2.2
Wheat,90.4,72.6,42.2,7.48,16.5,75.1,342.4,Flood,2.56
Wheat,113.8,91.8,30.9,7.01,23.4,66.5,431.0,Flood,2.72
Wheat,73.2,86.9,22.5,6.55,10.3,38.5,954.3,Sprinkler,2.17
Wheat,130.2,55.6,35.2,7.82,17.7,57.2,489.6,Flood,2.66
Wheat,121.7,48.7,62.7,6.4,25.4,54.2,432.6,Flood,2.61
Wheat,157.9,36.0,54.3,6.69,27.5,63.7,896.9,Sprinkler,2.47
Wheat,83.1,79.5,38.9,6.9,25.7,61.9,428.8,Sprinkler,2.83
Wheat,87.4,70.6,37.3,4.79,16.2,45.6,430.2,Drip,2.59
Wheat,166.5,77.3,51.5,7.68,18.9,71.3,285.9,Rainfed,1.65
Wheat,145.6,38.4,57.9,7.69,14.3,71.4,861.9,Sprinkler,2.31
Wheat,96.4,47.4,34.6,7.87,11.6,72.3,538.2,Sprinkler,2.75
Wheat,116.3,58.0,21.8,6.41,19.2,53.5,814.2,Sprinkler,3.04
Wheat,112.9,77.0,57.5,6.98,25.8,48.4,680.6,Drip,3.43
Wheat,80.7,70.8,45.7,5.98,14.2,49.0,403.5,Drip,2.84
Wheat,103.1,77.5,45.3,8.07,18.3,68.9,924.9,Flood,2.54
Wheat,108.8,74.8,43.9,6.96,13.8,35.1,60.5,Rainfed,1.47
Wheat,82.9,74.1,29.9,6.64,27.9,44.2,655.8,Sprinkler,2.84
Wheat,133.7,73.9,31.9,5.72,24.5,59.1,898.7,Flood,2.24
Wheat,118.7,53.4,54.5,6.78,13.7,73.5,933.1,Sprinkler,2.77
Wheat,162.2,45.8,24.1,7.81,17.8,59.4,996.4,Drip,2.61
Wheat,75.7,55.8,55.0,6.74,29.9,60.2,517.7,Drip,2.91
Wheat,112.5,68.9,44.7,4.85,12.1,47.6,680.8,Drip,2.72
Wheat,134.0,39.5,25.6,5.82,21.6,54.2,685.5,Sprinkler,2.94
Wheat,69.5,46.0,51.2,6.63,23.2,50.6,569.2,Drip,3.16
Wheat,131.3,59.1,53.8,7.75,20.8,69.1,507.1,Sprinkler,2.95
Wheat,87.4,68.8,57.4,7.78,24.5,68.6,692.9,Sprinkler,2.9
Wheat,137.5,66.4,48.9,6.49,35.2,49.2,819.5,Sprinkler,2.64
Wheat,116.4,50.2,48.7,7.68,11.3,70.0,888.0,Sprinkler,2.46
Wheat,150.2,78.9,52.7,6.06,14.3,55.9,475.4,Sprinkler,2.74
Wheat,112.8,45.7,42.8,7.47,18.7,65.0,349.8,Flood,2.72
Wheat,141.9,90.1,56.0,7.87,28.7,71.1,779.0,Drip,2.85
Wheat,101.2,89.7,58.7,7.74,18.1,35.6,339.4,Drip,2.79
Wheat,129.4,52.4,29.0,6.92,12.1,43.5,87.3,Rainfed,1.31
Wheat,133.0,57.7,46.2,6.7,15.7,60.9,814.1,Rainfed,2.13
Wheat,103.7,64.6,30.1,8.09,29.6,64.2,875.3,Flood,2.16
Wheat,138.5,73.3,36.9,7.96,13.3,57.5,791.3,Flood,2.38
Wheat,96.8,43.1,48.0,7.14,13.6,66.7,616.8,Flood,2.68
Wheat,33.2,18.3,13.4,7.45,27.4,58.8,594.2,Sprinkler,2.42
Wheat,129.1,82.4,48.2,5.89,24.8,39.3,719.6,Flood,2.49
Wheat,94.8,74.5,51.6,6.35,35.4,50.0,751.3,Flood,2.43
Wheat,142.8,64.9,54.2,6.84,25.6,42.2,517.6,Rainfed,2.31
Wheat,76.9,56.4,24.2,6.21,14.6,56.1,478.7,Drip,3.04
Wheat,117.1,79.4,30.0,6.21,12.1,45.4,453.6,Rainfed,1.97
Wheat,98.0,54.2,45.2,6.11,15.4,40.2,63.2,Rainfed,1.49
Wheat,158.4,43.0,24.7,6.86,16.0,60.4,874.8,Drip,3.01
Wheat,80.2,47.0,51.3,6.8,36.9,53.8,707.6,Drip,3.23
Wheat,115.9,76.1,45.4,7.3,25.5,73.8,512.3,Sprinkler,2.98
Wheat,113.0,66.2,41.8,7.24,22.5,22.9,122.0,Rainfed,1.68
Wheat,109.1,60.6,52.1,5.07,25.1,57.9,718.1,Rainfed,2.22
Wheat,38.2,10.3,6.3,7.54,14.6,69.9,595.4,Sprinkler,2.36
Wheat,97.9,87.8,62.0,7.07,12.9,51.9,870.3,Sprinkler,2.6
Wheat,151.2,44.2,49.5,6.23,14.4,74.3,464.8,Drip,2.9
Wheat,135.5,65.1,47.5,6.27,19.3,28.8,58.4,Rainfed,1.6
Wheat,96.7,76.3,39.0,6.84,35.6,45.4,593.6,Sprinkler,2.95
Wheat,141.6,88.2,37.0,7.4,19.5,65.3,844.5,Drip,3.02
Wheat,116.9,78.9,26.4,7.2,15.6,73.4,967.0,Rainfed,2.13
Wheat,146.8,46.5,35.4,6.82,25.5,76.2,420.0,Rainfed,2.28
Wheat,132.6,45.0,48.2,6.43,35.1,59.8,814.6,Sprinkler,2.74
Wheat,101.2,77.5,39.4,5.91,15.7,53.8,496.5,Drip,3.23
Wheat,88.1,51.1,47.3,7.14,20.1,50.8,955.6,Drip,3.33
Wheat,138.9,65.5,35.8,6.75,25.9,47.5,385.3,Drip,3.18
Wheat,166.1,60.3,29.6,6.1,14.8,67.0,482.0,Drip,3.01
Wheat,163.4,45.0,21.5,5.84,28.1,64.1,482.1,Drip,2.61
Wheat,149.9,60.8,57.6,6.3,24.3,73.5,544.0,Flood,2.59
Wheat,99.2,40.2,39.7,7.45,28.8,62.2,918.7,Flood,2.32
Wheat,114.5,52.0,42.9,6.78,14.6,44.1,623.3,Rainfed,2.33
Wheat,103.9,76.5,48.9,7.94,26.4,60.5,766.2,Flood,2.26
Wheat,136.1,44.2,42.3,6.84,31.7,74.3,457.3,Drip,2.98
Wheat,149.9,74.6,47.2,7.77,14.5,74.3,864.2,Flood,2.18
Wheat,150.9,35.8,54.1,6.28,12.9,40.2,300.2,Sprinkler,2.47
Wheat,123.0,50.1,42.3,6.65,25.2,68.7,588.7,Rainfed,2.29
Wheat,102.3,46.1,24.8,6.82,19.6,72.8,443.7,Sprinkler,2.99
Wheat,154.1,56.3,40.5,6.43,28.7,40.3,971.0,Flood,2.24
Wheat,110.6,43.4,48.8,8.03,21.2,67.2,330.7,Sprinkler,2.76
Wheat,134.2,41.8,45.8,7.17,32.4,63.8,820.1,Rainfed,2.05
Wheat,94.7,40.1,36.2,6.69,23.5,64.6,331.9,Sprinkler,2.97
Wheat,82.0,76.3,29.7,6.4,34.1,64.9,397.9,Rainfed,2.08
Wheat,91.0,85.4,60.5,7.9,22.7,63.3,578.4,Flood,2.52
Wheat,138.8,58.9,52.0,7.68,12.9,72.5,679.8,Flood,2.35
Wheat,94.2,83.0,41.6,6.93,16.2,60.8,520.7,Drip,3.28
Wheat,68.7,90.7,61.8,6.65,24.6,50.6,776.6,Flood,2.37
Wheat,95.8,91.4,22.3,7.15,23.2,66.0,369.1,Rainfed,2.15
Wheat,142.1,56.8,39.9,7.65,35.7,44.6,632.7,Flood,2.55
Wheat,103.8,72.2,26.6,6.29,17.4,21.9,71.1,Rainfed,1.49
Wheat,167.1,51.7,32.4,6.37,15.6,36.6,965.9,Drip,2.78
Wheat,144.4,88.9,54.1,6.45,15.0,66.4,549.4,Sprinkler,2.81
Wheat,99.3,68.4,33.1,7.63,18.0,33.7,54.6,Rainfed,1.59
Wheat,91.4,47.1,55.6,7.93,11.9,55.3,529.7,Flood,2.35
Wheat,126.4,74.8,47.8,7.31,19.8,37.3,99.7,Rainfed,1.5
Wheat,163.2,65.8,52.1,6.53,18.2,40.7,406.8,Flood,2.54
Wheat,103.3,80.6,31.6,8.04,16.9,50.2,510.8,Drip,3.11
Wheat,150.6,42.2,44.2,5.95,10.9,64.5,676.0,Drip,2.77
Wheat,85.7,79.7,29.7,5.19,27.6,67.8,679.7,Drip,2.86
Wheat,148.3,59.2,40.0,7.19,23.3,57.5,757.2,Drip,3.33
Wheat,97.1,41.5,25.4,7.15,20.5,46.4,628.5,Sprinkler,3.2
Wheat,150.7,68.9,42.7,5.85,15.8,39.2,993.2,Drip,2.63
Wheat,121.6,64.1,45.5,7.04,33.6,49.7,734.3,Drip,3.22
Wheat,137.1,71.8,31.8,7.26,14.2,40.5,799.0,Drip,3.08
Wheat,87.2,68.5,38.5,6.0,10.6,63.0,877.0,Flood,2.39
Wheat,143.7,62.6,47.9,7.63,18.0,71.3,718.1,Drip,3.23
Wheat,84.9,43.6,43.0,6.61,26.7,54.2,421.6,Rainfed,2.04
Wheat,140.9,86.2,54.5,7.32,23.6,77.6,498.9,Drip,3.21
Wheat,90.8,72.4,47.9,7.12,10.3,67.8,519.4,Flood,2.37
Wheat,144.7,58.4,40.0,4.38,26.3,62.6,494.1,Sprinkler,2.66
Wheat,10.5,11.1,10.5,6.27,13.5,68.5,797.2,Rainfed,1.62
Wheat,24.6,17.7,14.9,6.41,18.2,56.8,419.0,Rainfed,2.08
Wheat,117.2,74.9,54.9,7.05,35.9,51.4,502.9,Drip,3.19
Wheat,140.6,55.2,52.3,7.3,12.4,60.8,470.0,Flood,2.53
Wheat,171.9,39.4,54.0,7.32,25.3,48.8,644.1,Flood,2.42
Wheat,122.7,50.4,33.8,6.37,25.4,64.3,896.0,Rainfed,2.04
Wheat,75.0,36.8,33.7,7.94,20.5,47.2,575.4,Sprinkler,2.8
Wheat,124.9,41.9,58.8,5.88,28.2,79.8,798.3,Flood,2.3
Wheat,166.4,64.7,52.0,7.92,29.5,72.5,504.2,Rainfed,1.96
Wheat,100.1,55.5,44.4,7.6,16.4,61.1,535.8,Flood,2.76
Wheat,76.0,43.6,23.8,6.9,12.1,40.1,976.4,Flood,2.3
Wheat,126.2,57.7,44.4,6.11,35.9,72.9,674.4,Sprinkler,2.77
Wheat,113.4,64.1,42.5,6.72,17.4,23.2,85.3,Rainfed,1.66
Wheat,95.0,41.7,35.9,6.18,13.9,26.4,76.6,Rainfed,1.31
Wheat,138.9,68.4,27.5,6.11,27.6,60.1,923.8,Sprinkler,2.53
Wheat,117.1,63.1,29.7,6.46,25.8,76.2,546.2,Drip,3.55
Wheat,88.7,75.0,54.1,6.32,23.6,41.4,552.7,Rainfed,2.46
Wheat,138.3,61.9,55.3,7.98,10.4,79.2,343.7,Flood,2.24
Wheat,81.8,59.5,48.3,6.61,11.1,62.0,947.8,Sprinkler,2.55
Wheat,110.9,48.0,32.9,6.91,13.1,25.5,134.2,Rainfed,1.4
Wheat,114.5,34.8,31.6,7.78,13.3,53.7,290.6,Sprinkler,2.59
Wheat,155.5,65.5,36.9,7.2,10.2,41.4,829.3,Drip,2.94
Wheat,108.2,83.6,61.3,7.82,15.4,43.7,631.1,Drip,3.07
Wheat,171.9,45.7,32.1,5.97,28.4,70.0,888.5,Rainfed,1.73
Wheat,115.1,53.2,46.0,6.79,19.0,77.2,1008.2,Flood,2.76
Wheat,128.4,69.2,26.4,7.67,31.5,50.0,686.2,Flood,2.51
Wheat,135.1,57.8,41.8,6.7,10.5,50.1,411.0,Drip,3.11
Wheat,101.0,56.8,31.2,5.93,13.6,70.9,781.4,Sprinkler,2.77
Wheat,164.4,38.2,33.0,6.54,25.6,79.7,458.1,Flood,2.42
Wheat,110.8,90.7,28.8,7.62,16.7,67.9,590.8,Sprinkler,3.01
Wheat,152.0,84.3,23.8,7.36,12.8,53.7,686.0,Sprinkler,2.69
Wheat,107.7,45.3,29.8,7.71,36.3,71.7,845.8,Drip,2.75
Wheat,99.6,76.4,50.7,7.11,28.8,50.7,460.4,Flood,2.47
Wheat,137.9,50.2,39.2,6.08,35.2,51.6,722.4,Drip,2.81
Wheat,144.8,69.4,41.8,6.02,15.2,53.9,723.5,Sprinkler,2.65
Wheat,70.5,67.9,60.8,6.12,19.4,39.1,743.0,Sprinkler,2.8
Wheat,122.5,86.0,29.5,5.75,27.2,61.0,939.1,Sprinkler,2.35
Wheat,163.4,67.2,28.8,6.35,14.0,46.1,506.7,Sprinkler,2.88
Wheat,112.6,69.7,24.7,5.91,13.4,58.3,438.4,Drip,3.07
Wheat,21.7,10.6,7.7,6.6,20.9,64.7,681.3,Flood,2.22
Wheat,139.0,88.0,63.1,7.43,15.7,74.6,316.4,Drip,2.77
Wheat,81.7,48.4,37.5,6.64,26.6,41.4,606.1,Rainfed,2.32
Wheat,165.4,70.0,55.0,5.9,17.7,51.8,935.9,Drip,2.68
Wheat,127.0,69.2,42.3,6.37,20.1,50.9,563.7,Rainfed,2.38
Wheat,145.9,47.5,38.3,6.35,14.0,70.3,952.8,Sprinkler,2.64
Wheat,87.1,89.5,37.1,6.51,11.2,56.9,360.7,Drip,2.84
Wheat,152.5,84.8,34.0,7.76,27.1,69.4,388.6,Flood,2.28
Wheat,120.3,71.5,42.7,5.99,16.2,71.1,917.4,Drip,3.02
Wheat,102.4,72.4,52.8,7.65,28.9,49.1,915.3,Drip,2.81
Wheat,94.4,84.6,28.3,5.83,24.3,56.4,908.3,Sprinkler,2.57
Wheat,127.4,65.4,37.1,7.04,32.8,56.7,746.5,Rainfed,2.23
Wheat,112.8,68.2,52.7,4.17,16.9,44.9,656.0,Sprinkler,2.84
Wheat,72.9,89.8,49.8,7.22,15.4,46.2,977.1,Drip,2.7
Wheat,118.1,79.0,36.1,4.43,17.5,58.2,570.3,Drip,3.2
Wheat,109.1,42.5,36.9,6.85,19.2,70.4,615.0,Rainfed,2.32
Wheat,161.5,83.5,49.5,6.03,15.5,37.1,968.8,Flood,2.08
Wheat,100.6,83.0,32.2,5.7,17.5,60.7,634.2,Flood,2.6
Wheat,97.4,81.7,52.9,7.46,27.5,67.5,451.6,Flood,2.34
Wheat,93.3,38.2,52.5,7.41,14.7,68.7,959.2,Drip,2.86
Wheat,133.3,38.7,40.2,7.47,23.7,71.7,929.3,Flood,2.39
Wheat,71.3,65.0,22.8,7.64,16.4,60.3,486.8,Flood,2.49
Wheat,95.9,65.0,57.3,6.48,29.1,40.5,293.5,Rainfed,1.54
Wheat,46.2,7.6,10.4,6.33,18.9,42.1,462.0,Sprinkler,2.54
Wheat,119.5,53.1,25.7,7.99,11.2,48.4,500.6,Drip,2.89
Wheat,124.4,45.0,27.1,7.64,32.1,68.7,622.3,Drip,2.98
Wheat,82.5,59.5,41.5,6.21,12.3,72.6,651.8,Drip,3.02
Wheat,170.5,69.1,42.4,7.81,29.1,69.0,609.6,Sprinkler,2.57
Wheat,154.7,72.0,38.5,7.29,12.4,53.1,866.9,Drip,2.95
Wheat,94.7,50.4,54.1,7.32,23.2,41.3,60.4,Rainfed,1.47
Wheat,121.1,70.0,41.3,6.85,25.4,63.3,748.6,Sprinkler,3.25
Wheat,145.9,81.9,50.5,7.92,26.4,60.3,776.8,Rainfed,2.04
Wheat,125.7,48.0,39.1,8.02,23.2,60.4,970.4,Sprinkler,2.67
Wheat,147.3,75.3,29.4,6.83,19.5,52.0,662.8,Sprinkler,3.12
Wheat,102.1,42.2,43.3,6.43,18.2,22.0,63.2,Rainfed,1.4
Wheat,77.4,86.8,21.5,6.86,12.5,48.8,965.3,Drip,2.72
Wheat,125.9,65.0,29.5,6.1,28.3,49.8,555.3,Flood,2.7
Wheat,167.5,76.8,46.3,7.81,11.0,46.6,624.1,Drip,2.86
Wheat,103.8,89.8,39.9,6.87,17.0,75.9,701.0,Flood,2.83
Wheat,103.7,59.2,56.9,6.57,25.9,77.3,741.2,Flood,2.68
Wheat,73.4,57.3,49.5,6.78,25.0,51.1,749.7,Drip,3.23
Wheat,125.0,45.8,33.5,7.5,19.7,44.7,995.8,Flood,2.53
Wheat,161.8,64.5,51.0,6.31,18.9,40.6,432.4,Drip,3.2
Wheat,23.6,11.3,8.9,6.25,23.8,70.0,819.4,Flood,2.05
Wheat,127.9,53.8,48.5,5.86,27.9,40.4,522.6,Flood,2.55
Wheat,109.1,61.5,57.1,6.52,27.4,39.0,854.8,Flood,2.47
Wheat,117.5,65.4,30.9,6.38,12.7,51.3,629.9,Rainfed,2.16
Wheat,137.7,59.3,61.3,7.43,28.6,58.7,471.6,Drip,2.91
Wheat,123.6,66.7,46.5,6.1,17.6,62.8,997.7,Flood,2.49
Wheat,147.7,68.3,29.3,7.3,22.5,62.1,642.4,Sprinkler,3.06
Wheat,98.0,71.0,36.6,4.61,25.7,66.2,752.6,Rainfed,1.76
Wheat,165.5,87.5,42.3,6.49,24.7,36.7,631.3,Drip,3.27
Wheat,76.9,90.4,43.0,7.17,14.7,56.8,597.6,Drip,3.24
Wheat,96.8,47.8,40.1,4.92,13.0,60.2,409.6,Sprinkler,2.35
Wheat,143.1,65.8,60.9,6.3,12.0,52.7,736.4,Flood,2.23
Wheat,136.3,54.3,47.2,7.82,14.6,53.2,1015.0,Flood,2.33
Wheat,122.0,83.2,50.0,6.4,14.0,46.9,405.6,Drip,3.27
Wheat,79.8,44.0,44.2,6.1,11.3,49.3,443.0,Sprinkler,2.61
Wheat,145.7,64.9,57.4,7.37,10.2,52.7,909.7,Drip,2.66
Wheat,136.1,46.4,41.1,4.23,23.5,49.5,508.1,Flood,2.49
Wheat,87.2,77.9,41.2,6.24,22.3,36.8,521.4,Sprinkler,3.08
Wheat,139.3,48.2,53.6,6.62,36.9,69.4,754.3,Sprinkler,2.66
Wheat,160.5,39.0,43.9,7.89,17.8,72.3,378.9,Rainfed,1.97
Wheat,166.4,73.2,36.5,7.95,15.5,49.9,798.6,Flood,2.4
Wheat,97.0,48.1,53.6,7.65,31.3,51.9,552.6,Sprinkler,2.75
Wheat,113.4,84.4,28.8,7.97,14.4,49.7,839.6,Sprinkler,2.49
Wheat,91.9,37.4,33.8,6.84,13.4,51.0,576.0,Drip,3.47
Wheat,160.4,42.8,46.4,7.3,18.4,66.5,583.9,Sprinkler,3.01
Wheat,170.3,58.4,42.3,7.88,24.3,61.2,870.4,Flood,2.35
Wheat,117.6,56.4,61.9,7.37,11.7,73.8,635.6,Drip,2.97
Wheat,89.3,81.9,44.7,5.83,29.4,58.1,495.2,Sprinkler,2.66
Wheat,99.9,45.2,26.7,6.41,25.6,56.2,448.3,Drip,3.12
Wheat,171.3,62.1,28.8,7.84,19.2,66.9,1007.9,Drip,2.75
Wheat,147.3,65.4,48.0,4.1,12.8,40.7,444.4,Rainfed,1.73
Wheat,119.3,44.5,43.3,4.68,24.7,74.5,475.4,Flood,2.57
Wheat,161.4,53.5,47.1,7.92,29.2,57.9,615.1,Drip,2.74
Wheat,110.3,91.9,23.6,7.09,11.7,42.0,605.3,Sprinkler,2.93
Wheat,101.1,39.0,34.0,8.02,28.9,50.1,702.4,Rainfed,1.95
Wheat,115.0,74.2,52.0,8.09,15.8,59.2,674.7,Sprinkler,2.83
Wheat,42.4,14.5,11.0,6.41,20.7,64.3,607.6,Drip,2.83
Wheat,153.4,34.8,58.9,5.77,14.8,36.5,528.5,Sprinkler,2.59
Wheat,103.3,74.9,29.1,7.5,14.7,41.5,417.2,Drip,3.17
Wheat,140.4,45.6,42.1,5.04,21.3,65.1,536.0,Sprinkler,2.77
Wheat,107.6,74.7,32.3,7.74,36.7,48.7,524.0,Rainfed,2.0
Wheat,84.8,44.0,32.5,5.99,14.6,39.8,888.1,Drip,2.87
Wheat,73.0,89.0,51.1,5.72,25.3,58.1,856.7,Sprinkler,2.48
Wheat,68.3,83.3,37.2,6.89,10.2,57.1,1010.0,Drip,2.7
Wheat,139.8,81.3,38.8,6.44,28.8,65.5,368.1,Drip,2.74
Wheat,159.7,39.2,51.3,6.35,25.2,67.5,285.5,Sprinkler,2.5
Wheat,141.0,56.7,38.3,4.36,23.5,52.6,483.9,Drip,2.98
Wheat,105.6,73.9,34.4,5.85,24.0,35.4,582.8,Drip,3.25
Wheat,148.1,51.6,55.3,6.41,18.9,67.7,792.8,Rainfed,2.26
Wheat,163.6,43.1,52.8,7.06,15.5,56.3,527.0,Sprinkler,2.78
Wheat,127.5,70.6,43.0,5.82,14.7,57.1,509.6,Drip,2.92
Wheat,116.5,41.7,60.2,7.78,24.2,39.8,854.1,Flood,2.4
Wheat,79.9,71.3,56.3,7.09,22.9,55.6,671.2,Drip,3.22
Wheat,98.6,65.6,26.9,7.36,25.9,42.4,357.2,Drip,3.05
Wheat,123.2,61.1,25.7,7.26,27.4,72.3,743.3,Drip,3.1
Wheat,108.2,88.7,46.9,7.7,24.2,40.1,824.6,Drip,2.94
Wheat,103.6,91.9,32.3,6.37,28.6,36.1,795.5,Flood,2.41
Wheat,81.4,71.7,62.5,7.89,18.8,36.8,548.1,Flood,2.66
Wheat,116.0,37.2,39.2,6.83,28.6,63.8,510.6,Sprinkler,2.94
Wheat,139.3,72.4,51.3,6.34,16.3,40.6,765.1,Drip,2.91
Wheat,158.9,85.7,40.1,6.8,11.5,65.2,887.7,Drip,2.94
Wheat,93.4,65.9,29.3,5.94,28.2,71.9,842.4,Drip,2.75
Wheat,113.8,53.9,44.2,5.92,25.1,61.2,418.1,Drip,3.21
Wheat,87.7,48.1,54.9,4.65,16.5,74.8,833.3,Drip,2.69
Wheat,133.4,67.7,52.4,7.32,14.1,50.9,373.3,Drip,3.12
Wheat,133.7,44.7,25.7,7.65,21.6,62.8,858.3,Flood,2.54
Wheat,73.9,77.4,57.0,6.39,22.8,49.1,988.9,Drip,2.67
Wheat,86.4,47.7,42.0,7.9,14.2,41.5,841.6,Sprinkler,2.64
Wheat,83.3,71.5,31.0,6.08,23.7,61.7,838.6,Drip,2.75
Wheat,98.5,51.1,36.1,7.06,15.0,76.2,476.6,Flood,2.64
Wheat,143.5,46.7,54.0,6.82,27.1,36.9,77.1,Rainfed,1.35
Wheat,31.8,14.8,10.1,6.19,18.8,55.8,716.8,Drip,2.56
Wheat,86.1,49.5,29.9,4.15,17.9,48.0,459.2,Rainfed,1.86
Wheat,110.2,60.4,29.2,6.76,17.5,46.4,353.4,Rainfed,2.4
Wheat,139.7,47.1,26.8,7.83,15.5,45.1,914.3,Flood,2.25
Wheat,101.7,70.5,53.1,5.13,14.8,70.6,718.7,Drip,2.54
Wheat,159.5,49.7,21.4,6.09,17.0,49.2,865.6,Flood,2.3
Wheat,125.7,56.2,42.9,6.19,31.1,71.8,484.8,Sprinkler,2.59
Wheat,18.0,10.0,11.6,7.74,26.7,57.6,747.6,Sprinkler,2.08
Wheat,90.3,79.3,29.8,6.33,11.9,53.0,590.0,Sprinkler,2.79
Wheat,162.7,42.0,23.5,5.74,12.9,64.6,818.3,Flood,2.05
Wheat,74.6,69.4,62.6,6.57,25.1,57.5,374.6,Sprinkler,2.57
Wheat,71.6,70.8,57.3,6.53,17.8,75.1,882.1,Flood,2.49
Wheat,86.5,40.7,51.2,4.28,15.4,65.8,510.0,Rainfed,1.9
Wheat,168.2,45.2,51.4,7.29,16.9,35.9,790.4,Rainfed,2.01
Wheat,88.9,77.5,52.6,6.05,27.6,47.1,1006.9,Sprinkler,2.51
Wheat,110.8,42.8,42.3,7.08,23.8,41.0,620.6,Rainfed,2.45
Wheat,105.1,79.8,39.4,6.87,21.1,42.9,122.1,Rainfed,1.61
Wheat,143.1,68.0,41.9,6.16,19.3,46.1,957.0,Drip,3.05
Wheat,124.7,41.5,37.0,5.94,22.5,55.1,855.7,Drip,3.09
Wheat,139.7,77.3,53.0,6.23,18.1,20.7,127.0,Rainfed,1.57
Wheat,112.9,51.8,61.7,8.01,15.8,56.6,999.9,Drip,2.59
Wheat,78.5,63.5,22.3,6.68,14.4,59.0,1017.0,Flood,2.35
Wheat,144.8,54.6,28.1,7.26,16.8,26.7,139.8,Rainfed,1.59
Wheat,110.6,90.9,48.6,7.48,10.6,40.5,748.5,Flood,2.3
Wheat,146.3,56.3,48.2,6.87,36.4,71.8,393.7,Rainfed,2.11
Wheat,95.2,61.7,54.0,4.18,27.1,46.4,633.7,Sprinkler,2.8
Wheat,69.8,89.7,23.1,6.04,10.3,60.5,969.9,Flood,2.03
Wheat,69.4,65.4,40.6,6.9,11.4,65.8,652.4,Flood,2.55
Wheat,86.0,84.6,47.0,6.08,29.2,58.3,333.9,Sprinkler,2.41
Wheat,152.0,81.4,62.4,6.9,19.1,68.9,378.0,Sprinkler,2.79
Wheat,157.2,83.7,25.4,5.92,15.3,74.4,375.4,Flood,2.25
Wheat,147.3,76.1,45.9,6.17,16.4,51.2,731.6,Rainfed,2.1
Wheat,72.7,50.8,40.2,5.98,19.1,73.4,710.2,Drip,3.31
Wheat,23.7,11.8,10.3,7.05,24.7,51.9,752.7,Sprinkler,2.38
Wheat,102.8,62.5,45.3,6.27,25.9,56.9,527.2,Drip,3.28
Wheat,87.4,71.1,30.1,6.81,15.4,64.1,788.7,Rainfed,2.18
Wheat,138.3,53.1,32.9,6.14,20.0,47.4,820.9,Drip,3.19
Wheat,92.8,62.4,33.3,7.43,28.9,76.3,711.7,Sprinkler,2.85
Wheat,110.0,47.6,33.5,6.48,20.3,25.9,61.1,Rainfed,1.67
Wheat,106.3,76.9,41.3,6.49,35.2,63.1,844.6,Rainfed,2.04
Wheat,80.3,80.0,49.1,4.94,20.2,50.5,425.6,Flood,2.49
Wheat,89.0,85.0,29.4,6.45,22.4,63.7,797.5,Drip,3.1
Wheat,170.5,76.9,26.2,7.52,11.9,36.2,578.7,Rainfed,2.12
Maize,127.8,41.8,36.9,4.22,18.6,76.0,934.0,Flood,2.49
Maize,78.2,72.1,69.7,5.64,25.5,54.2,921.2,Sprinkler,3.24
Maize,125.9,48.6,46.4,5.87,34.6,45.5,1211.8,Sprinkler,3.05
Maize,130.2,39.8,47.3,6.05,16.3,61.2,482.6,Drip,3.07
Maize,160.0,40.1,54.2,6.04,33.7,22.3,193.3,Rainfed,1.51
Maize,159.0,82.4,51.5,6.23,32.6,75.7,1217.7,Flood,2.7
Maize,144.1,68.1,39.6,4.44,24.3,55.3,979.1,Flood,2.76
Maize,81.6,43.2,72.8,5.66,23.5,67.6,853.8,Drip,3.22
Maize,117.8,84.8,36.9,6.31,24.8,62.6,1012.6,Drip,3.59
Maize,121.1,42.8,38.2,5.52,17.9,70.1,1220.5,Drip,2.85
Maize,88.9,54.3,31.4,7.61,30.1,89.6,1212.2,Sprinkler,2.63
Maize,173.6,36.7,68.6,6.28,34.9,87.3,1017.2,Flood,2.57
Maize,166.3,84.2,64.6,6.93,28.7,83.2,897.9,Flood,2.77
Maize,124.3,41.4,34.4,6.73,17.8,58.6,1085.0,Rainfed,2.35
Maize,183.2,70.5,43.0,7.05,30.7,61.7,416.3,Flood,2.62
Maize,116.3,52.9,50.8,7.17,24.2,68.3,902.4,Rainfed,2.58
Maize,106.3,82.8,62.3,6.83,29.6,46.3,968.7,Sprinkler,2.96
Maize,136.8,51.0,55.5,7.28,22.0,44.5,108.0,Rainfed,1.69
Maize,121.8,38.9,35.4,6.45,32.0,85.5,1011.6,Drip,3.62
Maize,165.2,79.4,48.4,7.11,21.6,90.0,561.3,Drip,3.47
Maize,121.3,55.7,63.7,7.36,23.3,25.2,177.3,Rainfed,1.65
Maize,104.1,75.8,58.2,6.66,17.3,86.2,966.2,Drip,3.54
Maize,149.3,61.5,62.1,6.84,35.9,47.4,497.7,Drip,3.42
Maize,155.3,60.6,74.4,6.11,33.5,64.2,996.8,Flood,2.86
Maize,91.6,57.1,55.0,7.45,25.3,86.3,805.1,Sprinkler,3.4
Maize,147.5,61.3,30.8,6.45,22.3,78.7,591.6,Drip,3.68
Maize,23.7,21.8,17.4,7.05,31.6,59.4,1032.5,Rainfed,1.79
Maize,158.9,48.0,56.3,7.16,35.8,84.7,874.0,Flood,2.75
Maize,135.9,40.0,35.4,6.72,21.6,45.9,1065.0,Drip,3.59
Maize,128.6,37.3,54.6,7.43,36.9,64.4,694.7,Rainfed,2.57
Maize,41.7,9.4,16.0,7.47,29.7,80.9,1068.9,Flood,2.11
Maize,158.9,68.4,66.8,6.99,36.3,77.1,1250.7,Sprinkler,2.74
Maize,98.9,60.7,49.5,4.75,18.2,56.8,794.8,Sprinkler,3.06
Maize,36.6,10.7,11.6,6.17,34.4,54.6,723.1,Drip,2.75
Maize,144.6,47.0,37.4,6.61,18.2,22.1,171.1,Rainfed,1.62
Maize,149.9,36.7,65.0,7.44,32.8,67.9,614.3,Flood,2.65
Maize,181.9,42.1,39.9,5.99,32.6,53.4,461.3,Rainfed,1.7
Maize,173.4,82.4,30.2,5.67,21.3,75.1,1217.2,Sprinkler,2.51
Maize,96.8,76.1,73.3,6.12,26.4,48.9,914.4,Sprinkler,3.16
Maize,132.6,64.6,30.1,7.25,31.0,61.5,448.7,Flood,2.59
Maize,102.3,50.9,38.0,6.83,19.3,61.0,1041.3,Sprinkler,2.97
Maize,77.1,38.1,69.4,5.68,30.8,86.4,649.0,Sprinkler,2.62
Maize,171.3,83.2,63.0,5.7,30.1,63.5,833.0,Drip,3.32
Maize,108.9,54.1,68.2,7.22,21.7,50.3,631.8,Rainfed,2.33
Maize,133.8,65.2,46.2,7.36,27.0,50.3,518.7,Sprinkler,3.21
Maize,158.6,46.9,31.4,5.73,31.3,54.0,741.6,Sprinkler,3.08
Maize,88.7,55.2,51.6,6.74,33.2,52.7,1143.2,Flood,3.03
Maize,91.4,68.8,53.4,6.97,23.1,85.8,940.4,Drip,3.63
Maize,157.8,75.5,52.0,7.56,21.6,63.5,1226.7,Flood,2.62
Maize,120.7,54.3,47.9,6.8,26.9,23.7,59.8,Rainfed,1.84
Maize,136.7,52.8,66.1,6.39,32.7,58.8,467.0,Rainfed,1.92
Maize,146.0,79.6,31.6,7.41,28.0,72.3,881.3,Flood,2.79
Maize,20.3,21.4,9.9,6.98,18.3,63.0,711.0,Flood,2.36
Maize,121.1,48.8,42.5,6.61,31.1,61.1,961.2,Sprinkler,3.32
Maize,79.2,34.2,40.0,6.43,33.9,80.9,645.8,Drip,3.2
Maize,123.7,45.4,35.6,5.53,19.2,76.7,624.1,Sprinkler,2.81
Maize,171.8,80.4,63.3,5.58,28.1,80.4,415.9,Sprinkler,2.72
Maize,155.3,52.1,39.8,6.76,43.7,50.1,642.9,Sprinkler,3.14
Maize,97.9,60.0,60.9,6.61,34.9,37.0,61.1,Rainfed,1.65
Maize,85.8,34.1,50.0,7.42,28.0,90.0,663.9,Drip,3.2
Maize,110.0,67.7,62.2,7.46,21.9,80.8,697.0,Rainfed,2.27
Maize,107.4,72.5,50.2,7.78,17.1,61.0,843.3,Sprinkler,3.04
Maize,154.9,79.7,72.0,7.35,33.9,69.8,1159.8,Drip,2.76
Maize,107.2,84.2,43.8,5.73,27.1,47.6,501.7,Drip,3.18
Maize,123.1,75.8,63.0,6.48,23.0,59.2,1112.1,Drip,3.36
Maize,150.2,64.8,49.5,6.68,34.6,44.1,82.3,Rainfed,1.61
Maize,97.7,45.2,60.2,6.43,35.6,49.0,870.6,Rainfed,2.56
Maize,131.0,60.7,56.6,4.89,26.7,61.6,1002.5,Flood,2.56
Maize,140.9,37.7,40.0,7.64,35.1,80.2,417.8,Drip,2.79
Maize,144.6,37.8,70.7,7.7,17.6,69.0,679.1,Sprinkler,2.91
Maize,52.2,14.6,6.3,6.85,23.8,80.0,760.8,Sprinkler,2.83
Maize,79.7,34.5,33.1,6.73,33.9,45.2,1261.7,Drip,2.86
Maize,128.4,68.5,52.7,6.6,33.5,79.0,844.7,Drip,3.78
Maize,128.3,69.6,68.4,6.95,32.0,79.4,727.8,Drip,3.57
Maize,117.0,81.2,32.9,5.63,35.5,74.2,749.2,Flood,2.68
Maize,150.6,46.0,60.5,5.05,27.3,73.0,729.3,Drip,3.55
Maize,145.1,50.7,34.0,6.48,18.7,87.6,837.2,Drip,3.57
Maize,163.8,79.3,60.0,5.61,27.9,79.3,525.6,Drip,3.35
Maize,78.7,73.3,51.1,6.53,16.1,81.9,731.0,Sprinkler,3.24
Maize,133.6,54.9,72.7,6.98,22.3,50.7,1175.2,Sprinkler,3.21
Maize,127.1,44.4,56.8,5.64,24.7,69.6,801.2,Flood,3.06
Maize,125.6,65.2,45.6,6.35,26.0,41.9,56.0,Rainfed,1.82
Maize,116.2,78.7,65.8,6.3,30.6,52.2,1224.6,Sprinkler,3.19
Maize,101.9,68.6,47.4,6.35,30.5,62.4,718.4,Flood,2.97
Maize,107.4,40.5,40.0,4.73,30.1,50.7,521.9,Drip,2.96
Maize,135.7,76.7,72.9,7.32,28.7,67.2,436.9,Rainfed,1.61
Maize,92.9,68.8,42.5,6.85,28.3,65.1,1169.2,Drip,3.64
Maize,160.8,54.6,58.8,5.85,35.6,62.2,1071.2,Drip,2.85
Maize,29.7,20.8,9.8,6.6,22.6,66.2,1032.7,Sprinkler,2.7
Maize,177.9,61.2,60.2,7.29,18.8,72.0,431.6,Sprinkler,2.75
Maize,126.5,40.5,35.6,7.45,39.3,78.2,535.0,Flood,2.61
Maize,112.6,74.0,49.2,6.61,29.6,45.8,1001.7,Sprinkler,3.61
Maize,85.7,38.8,71.3,7.09,18.7,61.1,945.1,Flood,2.47
Maize,136.5,58.5,64.1,7.03,21.6,22.6,153.3,Rainfed,1.72
Maize,153.6,68.2,37.0,6.98,27.7,81.8,573.5,Rainfed,2.58
Maize,128.3,37.7,42.3,6.25,35.8,57.7,824.0,Flood,2.9
Maize,154.2,46.9,64.5,7.05,31.2,36.4,120.7,Rainfed,1.49
Maize,143.8,80.6,52.5,5.68,22.4,74.5,620.1,Drip,3.31
Maize,139.3,60.6,44.1,7.18,22.0,78.2,464.5,Flood,2.47
Maize,143.6,40.9,63.8,6.13,35.0,81.8,718.6,Flood,2.77
Maize,87.4,84.3,59.1,6.55,24.4,59.6,1302.9,Drip,3.19
Maize,127.2,43.2,36.3,6.09,35.2,50.1,1096.8,Flood,2.43
Maize,171.8,47.7,39.9,6.57,21.6,78.0,985.1,Flood,2.85
Maize,158.2,56.0,72.2,7.58,34.3,48.2,1185.9,Flood,2.22
Maize,140.0,72.8,62.4,7.41,22.2,54.6,681.4,Rainfed,2.37
Maize,143.5,50.0,61.6,6.43,20.4,74.4,598.7,Rainfed,2.5
Maize,180.6,74.7,30.8,6.88,30.6,82.1,451.5,Sprinkler,2.73
Maize,123.8,77.5,71.6,6.95,24.3,56.4,1303.6,Rainfed,2.29
Maize,161.0,51.0,66.5,6.44,22.9,78.5,473.3,Drip,3.13
Maize,90.1,40.4,36.4,5.57,17.5,74.7,797.1,Flood,2.39
Maize,147.3,36.6,34.5,7.53,27.1,82.1,1188.1,Rainfed,2.22
Maize,179.9,62.6,32.6,6.98,28.3,85.3,1000.9,Drip,3.5
Maize,162.7,66.9,42.9,6.36,30.1,48.2,636.1,Flood,2.61
Maize,126.9,50.6,45.9,5.91,34.8,21.0,148.2,Rainfed,1.49
Maize,178.5,46.9,53.7,6.61,30.8,48.1,578.3,Drip,3.37
Maize,99.6,79.0,72.1,6.69,23.4,55.5,445.8,Drip,3.4
Maize,133.9,83.3,47.6,7.1,26.3,68.1,646.4,Sprinkler,3.55
Maize,111.9,36.2,52.1,6.75,19.5,79.2,1306.1,Rainfed,2.21
Maize,106.4,49.4,54.6,6.46,21.3,38.3,73.1,Rainfed,1.65
Maize,137.2,62.2,38.0,6.83,38.7,52.8,816.4,Rainfed,2.58
Maize,150.0,69.7,52.3,7.29,33.7,71.1,969.4,Drip,3.51
Maize,141.7,68.4,38.9,4.02,29.7,60.5,875.6,Rainfed,2.13
Maize,120.0,53.0,39.5,7.04,36.4,52.9,949.3,Sprinkler,2.95
Maize,128.7,62.4,43.5,5.92,17.8,77.1,580.5,Flood,2.72
Maize,121.2,58.5,46.3,5.73,22.5,74.9,1012.5,Drip,3.32
Maize,149.0,58.2,60.8,4.01,18.6,81.9,965.2,Drip,2.99
Maize,156.9,67.0,60.3,7.09,39.0,79.2,617.1,Sprinkler,2.69
Maize,170.2,86.2,57.1,6.43,20.7,56.6,841.1,Sprinkler,3.07
Maize,116.1,53.5,47.0,7.42,29.7,72.6,707.4,Flood,2.7
Maize,148.2,34.7,69.0,6.53,23.2,51.2,804.3,Sprinkler,3.35
Maize,149.5,56.0,73.0,6.88,33.0,49.9,765.5,Drip,3.7
Maize,47.4,9.0,15.7,6.72,32.2,54.4,577.9,Sprinkler,2.66
Maize,28.3,11.2,14.7,7.38,32.2,84.8,513.5,Flood,2.09
Maize,135.5,73.1,65.0,6.25,31.1,74.6,1282.4,Rainfed,2.41
Maize,154.3,48.3,67.8,6.48,21.7,62.3,1169.1,Drip,3.24
Maize,147.9,69.1,43.8,5.05,31.1,64.6,949.0,Drip,2.78
Maize,106.7,73.0,53.1,4.13,27.7,67.5,1013.4,Drip,3.07
Maize,106.3,60.1,59.6,5.85,28.7,62.2,675.6,Rainfed,2.72
Maize,113.3,77.5,42.1,7.19,18.0,87.8,972.5,Flood,2.65
Maize,140.0,72.1,56.2,4.81,24.7,50.0,572.1,Drip,2.94
Maize,117.7,45.6,66.9,6.9,25.3,87.5,444.0,Flood,2.83
Maize,109.7,63.4,40.3,6.79,33.4,28.0,150.5,Rainfed,1.77
Maize,19.3,11.0,7.9,7.33,24.8,58.6,769.0,Rainfed,1.9
Maize,113.8,69.6,46.5,5.83,24.5,50.1,930.7,Drip,3.59
Maize,171.8,77.8,69.5,7.62,18.2,50.8,912.4,Flood,2.35
Maize,145.3,40.3,51.5,7.08,32.4,45.9,1219.2,Sprinkler,2.88
Maize,163.4,43.9,34.7,7.16,19.3,83.2,1068.1,Flood,2.49
Maize,79.9,72.0,67.4,6.45,32.1,52.9,696.5,Rainfed,2.23
Maize,131.6,82.8,53.3,6.17,21.6,86.8,558.7,Sprinkler,3.31
Maize,105.8,42.9,57.7,7.15,28.0,78.2,530.2,Flood,2.91
Maize,90.1,58.1,67.8,7.56,21.6,77.0,492.0,Drip,3.38
Maize,113.1,34.3,51.3,5.54,17.9,59.7,802.2,Drip,3.37
Maize,82.5,41.6,61.0,5.83,29.4,47.5,774.8,Drip,3.44
Maize,82.4,56.0,61.6,6.56,32.9,53.1,1282.8,Sprinkler,2.81
Maize,170.5,63.5,53.0,7.17,28.2,52.3,1020.3,Drip,3.36
Maize,111.2,63.2,39.7,6.97,20.2,64.9,648.3,Rainfed,2.21
Maize,104.7,80.1,69.9,5.95,28.9,48.9,760.2,Flood,3.0
Maize,117.1,39.4,62.1,6.66,30.9,56.2,698.5,Drip,3.86
Maize,134.1,66.2,48.1,7.39,41.8,60.1,883.1,Flood,2.7
Maize,175.9,35.3,55.9,6.76,20.6,64.3,1000.1,Flood,2.84
Maize,20.3,10.0,5.6,6.01,34.8,61.0,569.2,Drip,2.59
Maize,37.1,14.1,12.4,6.42,28.0,71.9,892.0,Flood,2.53
Maize,114.6,53.9,48.3,7.17,25.5,83.6,1268.6,Drip,3.34
Maize,147.0,41.3,50.8,6.93,21.5,42.6,175.8,Rainfed,1.65
Maize,120.7,46.4,62.6,5.8,30.3,82.9,610.2,Flood,2.86
Maize,166.4,60.8,35.8,6.81,24.6,74.8,1211.4,Sprinkler,2.98
Maize,78.1,64.0,47.9,6.36,19.8,64.4,1305.7,Drip,3.29
Maize,111.8,65.9,69.0,5.54,25.2,55.1,757.5,Sprinkler,3.25
Maize,86.6,60.8,55.1,6.64,31.4,62.3,1269.4,Sprinkler,3.2
Maize,84.6,71.0,51.5,7.56,36.6,63.0,782.2,Sprinkler,2.99
Maize,160.5,73.7,51.3,5.6,22.5,58.2,1146.2,Drip,3.18
Maize,123.0,69.5,57.2,7.27,25.4,66.3,992.1,Drip,3.74
Maize,181.0,36.0,44.0,6.22,29.3,49.8,978.3,Drip,3.37
Maize,181.6,36.0,49.8,5.76,23.4,89.9,1217.7,Drip,2.95
Maize,146.1,44.9,36.3,7.58,36.3,89.6,1126.6,Flood,2.34
Maize,147.9,72.0,61.4,7.5,39.5,76.7,851.9,Rainfed,2.13
Maize,152.9,44.5,35.8,4.83,28.3,82.8,640.4,Sprinkler,2.71
Maize,132.0,42.0,71.2,7.24,31.4,76.9,584.3,Drip,3.4
Maize,100.1,56.9,64.9,7.3,25.5,80.6,1171.5,Flood,2.7
Maize,89.1,48.3,39.2,6.55,35.1,49.7,1062.6,Flood,2.63
Maize,97.1,54.2,36.9,7.2,19.6,36.9,58.5,Rainfed,1.64
Maize,132.6,55.0,43.3,7.35,21.7,77.5,589.7,Drip,3.54
Maize,139.8,57.7,63.3,5.99,16.2,79.9,1155.9,Drip,2.95
Maize,170.5,78.5,64.7,6.12,33.0,69.0,448.5,Sprinkler,2.94
Maize,171.9,39.3,63.2,7.35,21.7,66.2,1054.1,Sprinkler,2.91
Maize,146.6,74.4,45.9,5.92,29.5,59.7,1191.3,Drip,3.16
Maize,119.1,83.0,36.6,5.52,21.0,81.9,592.6,Drip,3.2
Maize,21.0,16.6,14.4,6.43,26.3,61.0,585.1,Drip,2.87
Maize,172.5,57.4,53.6,6.46,33.9,55.3,620.5,Sprinkler,3.19
Maize,153.9,54.3,57.4,5.99,22.2,78.3,957.8,Rainfed,2.23
Maize,179.1,81.6,73.1,6.48,20.1,73.2,1030.0,Drip,2.9
Maize,110.1,77.2,56.5,7.33,36.8,75.6,1306.2,Drip,2.89
Maize,88.1,47.7,67.5,5.57,26.9,70.5,916.3,Sprinkler,3.02
Maize,142.7,70.1,47.9,7.51,24.7,63.1,433.3,Sprinkler,3.07
Maize,88.8,50.0,64.9,6.34,21.1,75.2,581.0,Flood,2.83
Maize,170.0,40.6,60.3,6.82,26.1,67.1,1064.2,Rainfed,2.34
Maize,97.6,74.5,53.6,6.91,39.2,58.4,895.6,Drip,3.19
Maize,80.8,39.0,30.1,5.85,17.4,89.8,665.7,Drip,2.95
Maize,113.4,51.6,35.6,6.03,29.8,54.2,638.4,Rainfed,2.6
Maize,150.6,63.6,60.5,5.51,35.5,50.0,773.7,Flood,2.6
Maize,178.3,58.4,69.1,7.36,36.6,86.7,1226.3,Flood,2.26
Maize,181.7,72.0,71.5,7.35,19.4,56.2,714.5,Drip,3.11
Maize,181.4,73.8,48.8,5.51,22.6,68.7,698.3,Drip,3.02
Maize,87.4,36.6,30.0,6.25,29.9,77.9,817.0,Flood,2.82
Maize,148.3,36.1,47.3,7.32,32.9,77.2,587.9,Drip,3.25
Maize,99.1,60.0,51.2,7.57,16.7,59.4,948.9,Sprinkler,2.96
Maize,164.2,37.3,66.4,6.64,18.8,84.9,997.3,Drip,3.17
Maize,113.1,60.6,60.4,6.55,38.1,52.6,806.2,Sprinkler,3.32
Maize,160.8,38.9,53.2,7.42,33.4,88.0,1042.4,Drip,3.16
Maize,102.3,40.5,56.1,7.26,36.9,79.1,1130.1,Sprinkler,2.76
Maize,145.3,78.9,72.3,7.64,24.0,48.5,558.1,Drip,3.24
Maize,99.2,69.1,61.4,6.78,35.0,50.0,563.0,Sprinkler,2.82
Maize,145.0,56.2,63.2,6.63,25.9,39.6,173.2,Rainfed,1.61
Maize,180.6,73.3,66.3,5.58,25.8,74.1,1163.6,Drip,3.05
Maize,135.5,44.3,44.0,6.15,27.1,47.3,545.9,Flood,2.91
Maize,132.1,73.9,49.9,7.32,29.0,50.1,543.8,Sprinkler,3.12
Maize,156.4,64.3,47.2,5.89,20.8,70.9,789.6,Sprinkler,3.26
Maize,104.2,59.7,73.6,6.27,28.5,49.1,957.5,Drip,3.45
Maize,153.4,75.2,61.4,6.86,25.4,83.6,1280.3,Sprinkler,3.04
Maize,125.4,44.9,29.9,6.06,26.7,62.1,812.6,Rainfed,2.68
Maize,125.1,41.0,31.9,7.28,28.0,79.2,537.9,Sprinkler,3.05
Maize,144.8,49.4,55.9,5.8,43.2,51.1,927.7,Drip,3.05
Maize,107.3,55.8,35.7,4.77,25.0,59.5,624.1,Drip,3.02
Maize,104.6,85.5,43.7,6.06,21.8,85.3,985.3,Flood,2.79
Maize,174.5,72.6,38.7,7.44,20.3,78.4,1030.8,Flood,2.83
Maize,87.4,50.1,57.3,7.72,18.0,46.0,451.3,Drip,3.03
Maize,154.0,69.4,53.3,7.3,19.3,62.6,850.8,Drip,3.22
Maize,96.4,58.0,41.9,6.11,31.8,54.7,781.2,Rainfed,2.42
Maize,96.5,85.1,74.5,6.78,19.6,59.2,790.5,Drip,3.47
Maize,115.2,73.9,62.7,7.3,25.7,80.0,529.0,Rainfed,2.31
Maize,156.9,72.3,48.7,7.24,25.7,64.9,594.1,Rainfed,2.59
Maize,33.3,12.4,15.0,7.45,19.6,63.7,744.0,Drip,2.43
Maize,111.3,41.1,69.7,6.58,34.4,71.4,1020.3,Flood,2.66
Maize,162.8,53.5,47.2,5.72,35.2,49.1,996.4,Sprinkler,3.11
Maize,149.6,37.5,56.5,7.28,33.4,52.7,1225.6,Flood,2.53
Maize,175.3,81.0,49.9,6.13,24.3,62.4,663.9,Drip,3.54
Maize,84.0,69.4,37.5,6.29,17.3,57.1,1106.9,Flood,2.56
Maize,170.4,73.9,52.8,7.04,33.8,45.4,770.7,Rainfed,2.21
Maize,134.9,61.7,45.4,6.7,29.8,63.8,1057.0,Flood,3.03
Maize,150.4,47.1,58.6,7.52,24.8,86.0,1313.7,Drip,2.99
Maize,143.1,57.9,54.3,4.12,32.4,70.4,1091.6,Sprinkler,2.78
Maize,169.2,48.8,60.7,7.05,20.7,46.6,776.5,Drip,3.46
Maize,162.5,57.9,57.0,6.89,33.4,64.1,653.4,Drip,3.22
Maize,86.3,71.5,39.4,5.95,24.7,55.3,937.1,Sprinkler,3.32
Maize,134.2,44.6,36.8,7.52,25.1,63.5,432.8,Sprinkler,3.25
Maize,95.6,47.2,66.2,7.68,18.9,67.4,597.0,Drip,3.32
Maize,91.9,71.1,53.8,5.83,16.2,81.4,562.1,Sprinkler,2.93
Maize,85.8,45.6,38.2,6.48,29.8,56.9,411.1,Sprinkler,2.82
Maize,180.0,64.8,51.0,6.82,35.5,82.3,697.1,Drip,3.41
Maize,130.6,37.5,62.3,7.35,22.1,74.9,792.5,Flood,2.72
Maize,133.0,70.1,69.5,6.64,22.6,78.9,602.5,Sprinkler,3.34
Maize,99.6,52.6,42.5,5.91,31.6,56.3,817.8,Sprinkler,3.31
Maize,118.5,38.2,33.8,6.86,28.6,63.8,797.3,Drip,3.88
Maize,123.7,72.6,56.2,7.07,39.2,77.2,999.3,Sprinkler,3.41
Maize,101.3,51.1,39.2,6.63,16.4,75.2,881.3,Flood,2.96
Maize,90.2,54.8,37.4,6.09,21.5,70.0,778.5,Rainfed,2.41
Maize,97.8,49.7,58.1,6.4,31.8,28.0,74.5,Rainfed,1.41
Maize,141.3,43.1,55.0,7.32,19.0,23.5,157.5,Rainfed,1.26
Maize,119.9,41.2,52.6,5.79,26.0,79.4,637.6,Sprinkler,3.23
Maize,80.9,40.4,38.9,6.42,33.8,60.6,1002.3,Flood,2.85
Maize,114.9,64.2,45.2,5.69,36.8,50.7,466.6,Flood,2.67
Maize,118.6,47.7,45.2,6.44,31.1,68.0,1268.1,Drip,3.23
Maize,139.3,82.1,32.0,6.82,33.9,55.9,1206.2,Drip,3.18
Maize,123.7,36.3,71.2,6.58,16.6,76.0,843.3,Drip,3.5
Maize,132.6,43.7,48.6,6.21,43.0,77.4,994.5,Flood,2.6
Maize,146.3,52.3,71.0,5.81,30.1,45.2,1250.7,Drip,3.31
Maize,154.0,45.9,59.5,7.39,34.0,42.9,132.0,Rainfed,1.45
Maize,96.4,54.7,37.6,7.45,22.3,71.9,862.6,Drip,3.4
Maize,133.2,51.0,36.9,6.28,16.4,61.4,889.0,Flood,2.77
Maize,141.3,67.2,61.2,6.17,19.4,32.1,127.1,Rainfed,1.58
Maize,124.2,63.8,53.5,5.59,28.9,82.3,544.9,Sprinkler,3.0
Maize,97.6,54.7,56.8,4.13,21.5,55.2,978.2,Rainfed,2.19
Maize,118.3,50.4,50.6,6.4,34.1,86.8,679.2,Flood,3.05
Maize,165.1,34.3,55.2,6.28,22.8,74.0,1183.4,Sprinkler,2.75
Maize,104.9,61.1,50.0,5.53,27.7,74.8,944.6,Flood,2.82
Maize,132.5,53.8,43.0,6.09,29.8,72.6,912.4,Rainfed,2.56
Maize,104.7,73.7,64.6,6.55,28.8,61.8,1045.8,Flood,2.94
Maize,145.5,69.5,54.9,6.94,18.0,87.8,1127.5,Sprinkler,3.24
Maize,81.6,36.2,41.0,7.09,33.9,70.2,889.6,Sprinkler,3.26
Maize,86.2,74.3,57.5,6.88,22.1,75.8,1131.2,Drip,3.25
Maize,87.4,79.6,52.6,7.36,23.7,50.6,438.2,Drip,3.23
Maize,140.4,43.8,60.4,7.05,21.6,23.6,97.4,Rainfed,1.4
Maize,104.1,57.8,31.1,6.41,28.0,87.9,875.4,Flood,3.02
Maize,138.4,83.7,68.4,6.03,20.6,54.1,1248.7,Flood,2.5
Maize,118.7,60.4,50.6,6.08,26.6,46.4,521.3,Flood,2.97
Maize,116.3,72.7,65.0,7.26,31.2,54.2,710.9,Sprinkler,3.37
Maize,157.7,51.2,36.0,6.42,36.6,55.2,963.2,Sprinkler,3.03
Maize,131.7,79.6,42.8,5.7,35.7,62.0,930.3,Flood,2.56
Maize,153.5,41.1,42.9,5.83,33.0,55.0,1060.0,Rainfed,2.51
Maize,111.5,58.9,56.9,7.77,35.7,83.8,1218.0,Sprinkler,2.96
Maize,172.7,54.5,73.0,6.46,28.6,76.9,1274.5,Drip,3.24
Maize,160.0,62.9,59.5,6.24,26.1,72.8,772.5,Drip,3.93
Maize,131.5,72.3,48.2,6.32,24.6,63.4,900.6,Sprinkler,3.29
Maize,94.7,40.6,71.7,6.89,29.8,63.1,1236.3,Sprinkler,2.92
Maize,116.1,84.2,66.7,7.46,19.6,57.2,662.8,Drip,3.21
Maize,131.3,72.7,35.3,5.88,21.3,24.2,77.2,Rainfed,1.48
Maize,125.9,85.8,40.0,6.21,36.7,82.4,832.2,Sprinkler,3.09
Maize,127.6,45.4,50.2,4.5,32.9,54.4,1025.1,Sprinkler,2.97
Maize,84.7,60.2,60.7,7.32,28.2,85.9,1266.6,Drip,3.17
Maize,134.2,81.6,67.8,5.79,18.0,71.5,889.5,Drip,3.21
Cotton,142.3,43.0,53.5,6.78,34.7,61.4,498.1,Rainfed,0.97
Cotton,52.9,29.9,39.2,7.63,26.7,71.3,958.9,Flood,1.38
Cotton,141.1,46.8,37.6,6.26,26.2,41.9,906.8,Drip,1.77
Cotton,74.9,32.9,49.3,6.06,29.1,62.8,949.9,Sprinkler,1.49
Cotton,55.4,38.4,31.4,6.11,25.8,53.9,817.5,Flood,1.49
Cotton,79.6,49.0,22.1,5.92,28.4,82.4,977.2,Drip,1.62
Cotton,123.1,52.1,51.0,6.83,24.4,63.0,839.1,Sprinkler,1.66
Cotton,137.3,60.4,55.4,5.98,25.3,62.3,1077.2,Sprinkler,1.33
Cotton,64.7,36.5,47.8,6.16,27.0,51.9,679.9,Flood,1.47
Cotton,34.6,9.6,7.5,7.36,30.0,79.6,731.2,Sprinkler,1.36
Cotton,125.4,34.5,33.5,7.97,33.9,74.5,753.0,Flood,1.38
Cotton,147.1,39.0,38.0,7.59,30.8,78.0,1009.4,Drip,1.69
Cotton,125.1,63.1,44.9,8.1,22.2,55.6,1101.1,Drip,1.46
Cotton,118.6,48.1,51.3,6.87,23.9,52.8,804.1,Sprinkler,1.68
Cotton,128.9,50.8,49.6,6.24,21.0,79.3,460.4,Drip,1.49
Cotton,80.4,26.0,32.1,7.32,27.5,64.1,1101.3,Rainfed,1.3
Cotton,96.5,49.4,55.7,8.5,24.7,72.7,702.4,Drip,1.69
Cotton,53.2,55.4,31.9,7.27,26.0,47.5,725.7,Drip,1.81
Cotton,70.6,47.6,27.0,7.58,35.1,45.0,774.2,Drip,1.74
Cotton,102.0,65.7,41.2,7.33,28.0,82.7,1021.7,Drip,1.83
Cotton,93.6,61.5,51.1,6.23,34.0,53.1,638.0,Drip,1.68
Cotton,110.0,32.1,49.3,6.03,31.6,34.1,70.2,Rainfed,0.81
Cotton,21.7,13.1,6.5,6.42,35.8,54.0,690.1,Drip,1.43
Cotton,95.0,45.4,30.6,7.7,34.4,52.7,1068.2,Drip,1.74
Cotton,62.9,32.8,32.7,7.36,32.9,57.8,462.3,Sprinkler,1.64
Cotton,30.9,16.7,11.2,6.01,25.0,48.5,681.7,Flood,1.25
Cotton,121.0,32.9,51.4,7.3,31.7,49.4,459.3,Sprinkler,1.54
Cotton,147.6,49.2,55.7,6.2,20.5,41.8,870.0,Drip,1.54
Cotton,65.0,38.8,51.1,6.31,24.9,68.9,620.9,Drip,1.68
Cotton,133.0,37.9,34.4,7.0,39.6,47.8,686.0,Flood,1.36
Cotton,66.3,35.4,29.4,5.76,32.1,70.2,882.0,Drip,1.71
Cotton,67.5,34.4,25.8,4.56,37.3,49.0,973.1,Sprinkler,1.28
Cotton,142.9,36.3,44.5,6.47,30.1,75.4,1105.4,Flood,1.26
Cotton,120.9,26.0,37.2,8.06,29.8,54.0,1097.4,Drip,1.67
Cotton,86.6,40.1,42.9,4.89,22.8,52.7,637.1,Sprinkler,1.45
Cotton,88.5,40.7,44.8,7.12,41.8,70.9,698.4,Drip,1.78
Cotton,64.5,31.7,29.7,8.0,30.3,39.7,84.2,Rainfed,0.64
Cotton,53.2,36.1,26.8,8.11,29.4,58.2,759.6,Rainfed,1.2
Cotton,120.6,38.1,27.2,8.28,28.5,52.5,776.7,Rainfed,1.28
Cotton,93.1,35.7,57.3,8.38,36.9,71.0,635.9,Rainfed,1.01
Cotton,129.9,65.4,43.1,7.95,35.8,48.7,934.3,Drip,1.52
Cotton,133.0,68.4,32.8,7.19,30.2,82.9,782.9,Flood,1.54
Cotton,87.8,64.7,54.5,8.31,25.4,58.0,1096.3,Sprinkler,1.33
Cotton,75.4,51.2,44.6,4.55,33.2,58.6,580.0,Drip,1.61
Cotton,64.9,47.8,42.5,7.03,26.5,72.5,459.7,Rainfed,0.79
Cotton,52.0,37.5,25.2,7.55,26.4,74.5,565.5,Rainfed,1.12
Cotton,62.3,42.9,28.7,6.26,30.1,70.2,1129.3,Sprinkler,1.51
Cotton,26.8,10.5,6.5,7.05,22.3,70.7,536.8,Drip,1.49
Cotton,126.9,45.6,47.1,7.76,22.8,83.5,1056.8,Drip,1.61
Cotton,118.9,39.4,46.0,6.94,45.4,62.9,811.0,Flood,1.4
Cotton,51.9,26.9,52.1,7.62,25.3,71.0,1034.0,Drip,1.52
Cotton,126.7,35.1,31.0,6.38,39.8,48.9,860.4,Rainfed,1.12
Cotton,106.0,52.0,33.9,4.98,22.7,71.4,633.5,Rainfed,1.07
Cotton,107.7,46.0,37.9,6.56,41.2,59.4,553.3,Drip,1.8
Cotton,119.5,66.3,40.9,7.85,21.8,49.5,801.7,Drip,1.68
Cotton,94.2,51.4,46.7,8.05,27.2,49.8,618.5,Rainfed,1.15
Cotton,146.7,45.8,32.3,6.9,26.1,51.5,875.0,Drip,1.84
Cotton,80.5,56.3,44.1,6.05,44.0,54.6,824.3,Drip,1.52
Cotton,117.8,34.1,39.2,7.92,29.5,64.1,1016.9,Flood,1.48
Cotton,124.1,31.5,28.9,7.74,27.7,23.0,199.5,Rainfed,0.79
Cotton,91.3,61.3,45.9,7.91,36.3,43.8,898.4,Drip,1.81
Cotton,144.5,63.3,38.8,6.64,23.1,58.0,693.2,Sprinkler,1.55
Cotton,147.4,57.2,44.6,6.64,20.7,53.0,1014.8,Drip,1.58
Cotton,66.2,31.7,34.3,4.86,30.9,59.8,782.9,Flood,1.47
Cotton,72.4,56.6,34.7,6.48,23.6,64.9,572.4,Drip,1.76
Cotton,107.5,35.1,52.5,7.78,28.3,61.3,729.0,Rainfed,1.32
Cotton,145.9,65.1,44.1,7.32,27.4,40.8,502.1,Flood,1.3
Cotton,144.4,41.5,54.2,6.55,30.9,40.9,817.5,Sprinkler,1.6
Cotton,105.3,50.6,44.4,4.37,31.1,79.4,949.1,Rainfed,1.1
Cotton,117.7,63.5,48.4,8.33,21.1,40.5,929.1,Drip,1.49
Cotton,83.6,37.2,39.8,6.93,30.2,70.3,709.7,Drip,1.96
Cotton,125.5,54.5,29.7,7.35,31.4,61.8,840.0,Sprinkler,1.63
Cotton,121.5,30.3,48.4,6.08,21.3,83.9,1165.6,Drip,1.36
Cotton,132.8,66.9,44.2,6.69,32.1,54.0,1127.9,Flood,1.31
Cotton,83.0,38.3,22.5,7.98,29.0,54.6,776.9,Flood,1.43
Cotton,83.8,33.2,43.3,7.03,37.3,41.4,915.1,Flood,1.47
Cotton,138.3,57.2,54.9,6.63,30.1,40.6,405.6,Drip,1.61
Cotton,60.6,52.1,28.8,5.09,36.3,67.9,836.1,Drip,1.51
Cotton,147.1,52.3,55.2,8.39,24.2,54.0,1016.0,Flood,1.2
Cotton,103.6,44.1,27.9,6.81,22.4,36.1,183.9,Rainfed,0.84
Cotton,119.9,45.8,39.8,6.08,26.8,48.4,1057.0,Rainfed,1.27
Cotton,76.1,34.4,41.3,7.5,34.0,32.6,184.1,Rainfed,0.85
Cotton,130.5,53.1,32.3,8.45,25.5,49.1,753.7,Drip,1.68
Cotton,115.6,47.1,22.4,7.41,34.3,58.8,1005.8,Drip,1.77
Cotton,84.4,44.6,49.5,5.16,28.7,54.3,651.3,Rainfed,1.19
Cotton,120.2,35.2,30.7,7.13,26.4,47.5,610.3,Drip,1.85
Cotton,99.5,29.6,27.5,5.99,32.3,44.2,1003.4,Drip,1.69
Cotton,58.2,61.2,39.1,8.07,32.0,70.7,1194.8,Drip,1.52
Cotton,96.3,27.2,21.8,6.03,33.0,65.5,842.7,Drip,1.76
Cotton,112.6,59.4,49.7,7.15,37.2,57.6,1111.0,Drip,1.66
Cotton,56.2,60.1,36.4,6.34,24.6,80.6,1067.1,Sprinkler,1.41
Cotton,141.2,31.0,36.4,6.66,30.0,60.6,815.1,Drip,1.96
Cotton,74.9,33.5,23.6,7.84,28.5,68.2,982.1,Flood,1.26
Cotton,114.0,47.0,52.0,8.15,23.4,46.1,904.3,Drip,1.62
Cotton,75.9,57.9,42.9,4.92,25.2,53.2,760.6,Flood,1.38
Cotton,145.8,56.9,44.6,7.74,29.6,62.7,1081.0,Flood,1.32
Cotton,138.7,68.0,46.6,7.11,23.3,71.7,633.3,Drip,1.73
Cotton,113.2,46.1,45.6,7.4,28.3,57.1,706.2,Sprinkler,1.74
Cotton,95.5,67.6,24.3,6.67,28.4,40.8,692.0,Drip,1.72
Cotton,101.2,31.1,48.4,5.98,36.8,81.9,658.0,Rainfed,1.17
Cotton,141.9,54.5,29.8,8.2,23.7,49.6,616.9,Drip,1.69
Cotton,59.7,67.0,54.6,5.85,27.2,76.6,889.3,Flood,1.28
Cotton,99.9,27.3,42.4,5.84,32.1,76.0,868.0,Rainfed,1.29
Cotton,148.7,56.5,27.2,8.38,33.4,42.7,926.1,Flood,1.25
Cotton,85.9,61.2,49.6,7.22,23.1,51.3,990.8,Flood,1.38
Cotton,110.7,57.2,30.9,8.0,27.0,79.2,640.6,Rainfed,1.13
Cotton,56.3,56.4,40.5,7.04,24.5,71.8,552.6,Sprinkler,1.57
Cotton,121.1,51.4,39.5,4.11,33.1,50.8,893.2,Sprinkler,1.38
Cotton,127.9,38.0,35.8,7.77,39.4,60.5,1063.6,Rainfed,1.08
Cotton,97.2,36.0,32.1,7.68,29.5,27.9,143.4,Rainfed,0.89
Cotton,126.8,32.3,48.1,7.38,21.2,75.0,706.5,Drip,1.61
Cotton,130.6,30.9,56.4,7.25,23.7,45.9,873.2,Sprinkler,1.51
Cotton,117.0,53.3,44.7,4.85,26.1,75.2,946.7,Flood,1.27
Cotton,107.1,36.2,39.3,7.97,29.4,82.7,1078.0,Drip,1.75
Cotton,92.7,52.7,31.6,8.41,32.2,58.0,916.0,Sprinkler,1.6
Cotton,30.6,15.2,7.4,6.64,37.0,73.9,848.9,Sprinkler,1.41
Cotton,99.2,35.6,36.2,4.72,27.2,72.3,920.2,Rainfed,1.19
Cotton,80.2,64.2,57.5,7.58,39.8,69.7,986.8,Sprinkler,1.47
Cotton,65.2,61.3,55.0,7.45,26.9,46.9,612.1,Drip,1.76
Cotton,102.0,38.5,47.0,6.72,26.6,26.7,71.7,Rainfed,0.85
Cotton,67.6,44.0,38.0,5.76,20.3,63.4,956.8,Rainfed,1.09
Cotton,133.8,55.2,28.8,6.99,38.2,54.7,799.0,Rainfed,1.19
Cotton,124.7,36.5,36.3,5.93,32.1,44.7,1068.7,Flood,1.27
Cotton,16.1,6.8,11.1,6.37,30.5,65.7,649.0,Flood,1.2
Cotton,72.2,28.4,40.5,5.87,35.3,72.4,1105.4,Sprinkler,1.39
Cotton,67.5,55.9,49.5,6.62,26.4,65.1,1089.0,Drip,1.64
Cotton,110.0,68.7,24.5,6.05,36.5,78.9,756.4,Flood,1.43
Cotton,80.8,60.1,33.4,5.71,39.2,66.6,1055.6,Flood,1.24
Cotton,29.9,16.8,9.1,8.1,35.8,55.4,579.6,Flood,1.02
Cotton,112.5,45.3,27.6,7.89,42.9,79.0,558.9,Flood,1.48
Cotton,129.8,45.7,38.6,6.86,27.0,53.8,671.7,Rainfed,1.23
Cotton,128.4,57.1,28.2,7.81,43.5,79.7,736.1,Drip,1.6
Cotton,98.0,32.5,32.9,6.33,37.6,61.7,850.5,Sprinkler,1.6
Cotton,72.9,50.4,26.4,4.68,25.4,78.2,667.8,Sprinkler,1.59
Cotton,71.5,53.7,52.8,7.8,37.4,64.1,1001.5,Drip,1.54
Cotton,142.5,63.5,26.1,6.18,27.2,53.1,891.8,Rainfed,1.02
Cotton,115.4,62.0,40.3,6.28,30.5,65.0,994.0,Drip,1.63
Cotton,94.7,58.3,48.5,6.44,31.4,80.2,780.2,Rainfed,1.22
Cotton,108.1,44.1,36.5,8.16,28.3,29.1,97.8,Rainfed,0.82
Cotton,68.8,49.0,31.2,7.75,36.7,72.2,984.2,Sprinkler,1.59
Cotton,92.6,53.8,30.6,5.9,28.3,60.8,605.1,Flood,1.43
Cotton,106.9,66.9,42.9,5.74,27.1,46.4,1139.7,Drip,1.62
Cotton,73.3,62.3,32.4,8.48,20.8,45.8,579.7,Flood,1.25
Cotton,133.0,39.7,47.6,5.96,33.2,54.3,999.8,Drip,1.59
Cotton,74.9,40.9,55.7,7.32,27.3,82.7,663.3,Drip,1.83
Cotton,102.7,68.2,41.3,5.77,32.1,46.5,1038.8,Flood,1.34
Cotton,128.1,31.8,39.1,6.8,32.2,42.0,1001.7,Drip,1.73
Cotton,76.8,56.9,32.9,7.73,25.7,73.9,424.5,Drip,1.7
Cotton,55.4,33.6,55.1,8.44,34.8,51.3,608.4,Sprinkler,1.49
Cotton,75.0,30.2,32.5,7.65,45.8,52.1,979.5,Rainfed,1.07
Cotton,82.3,41.2,45.5,7.47,24.6,80.4,1090.2,Sprinkler,1.46
Cotton,117.2,34.0,45.6,6.41,20.4,71.5,915.8,Sprinkler,1.43
Cotton,144.3,51.4,45.1,5.88,23.3,53.5,831.5,Flood,1.24
Cotton,76.1,66.8,44.3,6.14,34.4,72.5,933.2,Drip,1.55
Cotton,61.5,61.0,45.0,7.12,26.9,48.3,485.2,Rainfed,0.91
Cotton,55.3,50.2,35.7,7.86,20.8,58.1,1039.3,Sprinkler,1.47
Cotton,60.6,31.3,45.8,7.59,39.6,72.0,794.6,Flood,1.38
Cotton,61.3,58.7,39.8,7.26,28.2,60.7,492.8,Flood,1.41
Cotton,131.5,34.0,28.7,7.51,36.9,61.2,981.6,Rainfed,1.09
Cotton,90.9,67.3,24.2,6.92,31.1,58.2,568.5,Sprinkler,1.72
Cotton,114.5,35.7,47.8,6.42,23.5,71.1,1074.2,Sprinkler,1.36
Cotton,64.0,67.1,50.3,7.57,30.8,75.6,795.8,Drip,1.79
Cotton,119.0,36.9,25.1,7.43,25.2,76.2,929.5,Rainfed,1.37
Cotton,121.6,51.4,33.0,5.77,35.0,49.7,1067.6,Sprinkler,1.41
Cotton,137.0,63.1,34.7,6.28,35.5,59.5,553.6,Rainfed,1.12
Cotton,81.6,39.4,33.6,7.6,21.2,81.8,578.0,Rainfed,1.2
Cotton,98.3,35.6,25.8,5.13,36.8,50.7,703.9,Sprinkler,1.45
Cotton,98.8,40.9,53.6,6.16,23.0,66.0,926.0,Drip,1.73
Cotton,144.2,36.2,45.5,7.77,29.0,82.2,989.3,Sprinkler,1.63
Cotton,137.6,41.0,32.1,6.3,20.8,41.9,1096.0,Flood,1.3
Cotton,111.5,62.4,38.7,8.14,27.2,81.7,958.9,Drip,1.76
Cotton,95.4,36.7,38.6,6.31,35.9,36.9,199.0,Rainfed,0.98
Cotton,107.3,58.8,31.3,7.92,36.8,36.8,189.7,Rainfed,0.81
Cotton,55.1,64.9,38.8,6.99,31.3,46.7,775.3,Flood,1.53
Cotton,10.1,10.4,12.3,7.76,37.1,66.3,627.3,Rainfed,0.92
Cotton,19.6,14.3,5.4,6.85,28.5,50.8,511.5,Drip,1.49
Cotton,136.3,31.2,42.8,6.96,28.4,51.4,697.8,Drip,1.79
Cotton,55.8,53.8,29.3,5.93,26.0,50.1,841.6,Sprinkler,1.44
Cotton,145.9,44.8,50.1,5.74,31.0,73.4,573.6,Drip,1.59
Cotton,88.5,44.6,38.3,7.85,22.1,74.6,950.9,Flood,1.38
Cotton,97.4,34.7,40.7,8.38,31.8,40.5,447.8,Rainfed,0.89
Cotton,91.4,53.1,22.1,8.21,30.4,61.0,1088.6,Rainfed,1.15
Cotton,68.0,61.0,35.9,8.32,39.0,45.2,1165.2,Sprinkler,1.29
Cotton,114.2,53.5,54.0,7.12,28.2,79.0,993.9,Rainfed,1.26
Cotton,88.7,44.9,30.5,7.55,27.3,75.4,497.2,Drip,1.77
Cotton,120.4,55.6,25.6,7.34,43.2,59.5,916.0,Flood,1.37
Cotton,63.3,58.8,26.8,7.27,36.4,45.4,749.3,Rainfed,1.31
Cotton,94.0,32.6,46.1,7.58,46.7,69.3,970.2,Rainfed,1.01
Cotton,78.6,37.4,27.6,6.61,24.0,68.5,855.3,Sprinkler,1.56
Cotton,141.5,55.3,48.2,8.04,27.0,42.8,898.0,Drip,1.58
Cotton,123.8,59.6,32.2,7.13,32.4,76.9,1009.1,Rainfed,1.24
Cotton,62.8,65.2,57.4,6.21,20.8,52.4,1067.9,Drip,1.41
Cotton,89.9,58.0,32.1,6.94,23.6,62.3,848.3,Rainfed,1.24
Cotton,52.0,53.2,35.5,6.54,33.2,77.6,846.7,Drip,1.7
Cotton,96.6,49.2,45.6,5.75,30.0,66.5,674.7,Flood,1.45
Cotton,85.3,40.6,42.8,8.42,39.7,66.1,400.9,Rainfed,0.73
Cotton,87.1,61.6,35.7,5.8,36.4,64.6,670.5,Drip,1.6
Cotton,113.7,63.8,40.6,7.83,35.3,69.9,596.7,Flood,1.43
Cotton,55.4,36.1,49.0,5.89,22.9,71.2,1114.1,Sprinkler,1.29
Cotton,73.2,64.9,38.5,6.33,37.1,51.4,645.3,Flood,1.4
Cotton,91.4,40.6,25.5,5.81,34.5,69.0,625.9,Drip,1.79
Cotton,80.3,28.0,26.4,8.05,34.6,69.9,504.5,Sprinkler,1.47
Cotton,135.8,26.1,46.1,5.75,34.1,68.6,518.7,Flood,1.29
Cotton,84.5,47.4,38.0,6.14,31.8,73.4,1133.5,Flood,1.34
Cotton,121.8,60.3,39.1,6.02,28.8,77.9,877.3,Flood,1.52
Cotton,124.5,52.5,39.7,7.69,43.6,71.5,685.9,Flood,1.31
Cotton,59.6,49.8,30.5,6.09,24.4,66.0,452.1,Sprinkler,1.41
Cotton,92.7,36.8,30.0,6.94,45.5,66.2,844.3,Drip,1.7
Cotton,81.9,51.5,37.1,8.45,27.1,67.6,649.3,Rainfed,1.34
Cotton,108.2,39.7,38.6,6.32,29.2,42.0,113.2,Rainfed,0.79
Cotton,109.1,33.8,42.3,7.12,28.0,45.4,733.4,Drip,1.96
Cotton,142.2,41.8,48.7,7.18,34.1,51.7,1153.5,Sprinkler,1.45
Cotton,87.0,29.9,45.7,5.72,29.5,48.7,901.9,Rainfed,1.26
Cotton,99.8,66.0,53.5,7.9,25.9,64.5,579.1,Sprinkler,1.52
Cotton,132.9,64.5,36.3,5.75,37.2,47.8,897.5,Drip,1.54
Cotton,76.1,44.1,39.0,4.17,30.9,56.2,696.2,Rainfed,1.2
Cotton,54.2,31.3,46.1,6.29,37.2,42.6,572.4,Rainfed,1.21
Cotton,129.2,53.5,39.4,6.25,28.7,54.2,535.5,Rainfed,1.16
Cotton,138.6,54.9,30.3,7.31,38.9,72.5,951.6,Rainfed,1.13
Cotton,146.1,46.8,25.3,6.98,33.9,84.9,659.1,Sprinkler,1.65
Cotton,86.0,30.3,55.6,7.07,30.1,68.0,402.8,Rainfed,0.85
Cotton,86.3,34.2,42.7,7.88,45.1,45.6,608.1,Sprinkler,1.37
Cotton,87.2,40.1,30.4,7.31,39.3,49.0,476.2,Drip,1.7
Cotton,123.4,45.2,39.9,7.56,35.3,23.0,171.5,Rainfed,0.9
Cotton,95.4,43.9,39.7,8.35,31.0,82.9,544.2,Flood,1.51
Cotton,106.6,63.0,51.0,6.04,37.0,58.6,603.0,Flood,1.39
Cotton,130.6,37.0,21.4,7.09,22.0,73.9,620.9,Sprinkler,1.56
Cotton,65.9,53.7,54.5,7.6,36.2,44.9,600.6,Flood,1.36
Cotton,114.0,54.4,36.3,5.82,35.7,70.5,778.2,Flood,1.34
Cotton,129.5,47.9,26.0,6.3,33.1,57.3,1069.2,Rainfed,1.07
Cotton,88.2,59.8,34.0,6.17,20.7,57.4,1122.8,Drip,1.54
Cotton,64.8,49.5,31.2,5.88,21.0,45.2,457.1,Flood,1.25
Cotton,84.8,43.7,54.9,8.25,34.3,79.8,655.7,Sprinkler,1.66
Cotton,90.5,68.4,51.0,6.92,34.5,52.1,480.1,Sprinkler,1.66
Cotton,52.6,60.9,34.3,7.33,21.5,47.9,1111.8,Sprinkler,1.35
Cotton,149.4,52.9,50.1,7.89,27.1,65.8,1066.4,Flood,1.23
Cotton,33.0,14.7,14.9,6.87,28.7,51.0,557.9,Flood,1.21
Cotton,73.9,52.5,32.1,7.79,23.9,38.9,64.7,Rainfed,0.79
Cotton,123.3,33.0,31.6,8.12,37.7,42.0,534.5,Drip,1.49
Cotton,105.9,54.3,33.3,6.77,31.9,43.1,604.7,Drip,2.03
Cotton,108.3,42.3,30.2,4.48,23.2,69.3,626.4,Rainfed,1.14
Cotton,56.9,26.3,56.6,6.24,36.4,65.3,611.6,Drip,1.51
Cotton,91.1,55.9,54.0,7.95,25.5,79.6,1066.7,Rainfed,1.23
Cotton,81.6,68.8,22.6,6.15,37.9,42.7,1109.5,Flood,1.2
Cotton,112.8,47.5,48.4,5.04,27.3,48.0,972.1,Rainfed,1.06
Cotton,75.5,44.3,44.2,6.42,21.0,40.5,417.7,Drip,1.65
Cotton,75.5,59.6,32.7,6.28,30.7,41.4,151.7,Rainfed,0.84
Cotton,122.7,54.5,52.8,8.14,31.6,59.3,913.3,Flood,1.27
Cotton,72.8,44.1,46.8,6.5,43.9,49.6,697.5,Drip,1.62
Cotton,139.2,50.6,40.4,6.15,34.3,71.6,1173.6,Drip,1.47
Cotton,93.8,49.8,50.8,6.32,26.9,74.8,856.4,Drip,1.93
Cotton,69.6,60.6,26.0,6.38,24.9,79.5,559.2,Flood,1.27
Cotton,149.4,62.0,48.1,8.14,32.7,78.0,608.9,Drip,1.5
Cotton,102.9,41.2,43.9,5.79,39.4,81.6,1148.2,Sprinkler,1.5
Cotton,145.0,64.8,49.9,6.84,31.3,75.7,618.4,Sprinkler,1.6
Cotton,108.6,68.5,43.1,7.9,34.5,71.6,973.1,Sprinkler,1.56
Cotton,97.1,26.9,30.0,6.13,37.7,52.4,510.8,Drip,1.56
Cotton,145.4,67.2,37.3,7.5,32.0,55.8,755.3,Drip,1.78
Cotton,74.7,45.5,38.7,7.27,36.4,71.1,930.5,Sprinkler,1.67
Cotton,149.1,57.3,29.5,5.99,28.3,78.5,977.5,Flood,1.24
Cotton,63.8,30.5,23.0,7.29,24.9,73.0,949.0,Drip,1.68
Cotton,135.4,51.3,40.0,7.78,36.3,70.9,752.0,Sprinkler,1.71
Cotton,102.0,56.1,53.5,8.26,25.6,48.5,609.0,Flood,1.31
Cotton,69.5,34.7,42.1,4.02,23.9,74.6,922.5,Sprinkler,1.37
Cotton,145.0,47.7,54.4,8.41,36.9,53.9,557.0,Sprinkler,1.42
Cotton,21.5,8.2,11.8,7.92,28.0,74.5,715.5,Sprinkler,1.33
Cotton,141.3,45.9,31.2,6.1,20.1,63.9,485.7,Sprinkler,1.29
Cotton,126.3,33.0,28.9,5.15,22.6,79.2,502.3,Rainfed,1.03
Cotton,105.1,28.6,40.9,8.2,33.6,72.4,468.0,Drip,1.73
Cotton,18.6,16.5,13.5,6.46,32.0,47.5,918.4,Sprinkler,1.34
Cotton,83.4,56.2,45.7,7.96,25.9,63.0,934.1,Drip,1.8
Cotton,145.3,26.8,56.0,6.31,21.0,53.2,1029.0,Flood,1.12
Cotton,105.0,43.7,44.8,6.05,31.8,38.3,199.0,Rainfed,0.76
Cotton,96.6,57.0,43.2,7.12,28.5,30.1,83.9,Rainfed,0.93
Cotton,74.9,36.2,28.1,6.42,22.5,36.9,110.2,Rainfed,0.88
Cotton,57.7,43.7,30.2,7.03,38.4,72.6,929.6,Sprinkler,1.65
Cotton,54.2,51.0,41.3,6.67,24.0,76.3,443.1,Drip,1.55
Cotton,113.5,59.1,33.0,7.77,37.2,55.5,671.9,Flood,1.41
Cotton,68.3,30.9,27.8,6.95,33.0,55.1,924.8,Rainfed,1.27
Cotton,127.2,66.1,46.9,8.21,24.7,55.5,1002.3,Sprinkler,1.38
Cotton,137.4,38.5,51.1,6.13,26.7,63.3,581.2,Sprinkler,1.4
Cotton,113.2,39.3,29.7,8.16,36.7,50.3,428.5,Flood,1.33
Cotton,60.9,51.1,37.6,7.87,24.2,60.4,525.0,Rainfed,1.21
Cotton,92.7,65.7,23.9,7.95,24.3,54.6,815.5,Flood,1.47
Cotton,108.5,43.0,55.6,6.39,36.1,67.5,701.5,Drip,1.66
Cotton,27.3,13.9,5.4,7.33,29.8,48.7,639.0,Sprinkler,1.4
Cotton,110.5,44.5,51.1,8.29,32.8,76.9,447.2,Rainfed,0.82
Cotton,81.8,43.5,45.1,6.36,26.7,68.8,657.7,Rainfed,1.23
Cotton,63.8,58.7,23.7,5.74,38.0,66.2,681.5,Drip,1.55
Cotton,147.8,53.1,37.3,7.08,33.6,44.6,662.7,Drip,1.97
Cotton,67.0,40.1,34.5,7.02,29.5,26.4,177.5,Rainfed,0.81
Cotton,74.8,44.2,49.2,7.7,36.4,56.7,996.0,Rainfed,1.14
Cotton,66.7,50.2,28.3,5.06,30.2,47.9,808.4,Flood,1.38
Cotton,127.4,48.8,50.2,7.37,26.3,65.2,826.8,Flood,1.51
Cotton,91.5,58.7,24.9,7.88,27.4,41.8,690.6,Sprinkler,1.59
Cotton,124.0,51.7,45.6,6.79,29.8,84.5,571.1,Sprinkler,1.75
Cotton,126.4,58.7,31.9,5.93,20.2,59.2,728.3,Rainfed,1.01
Cotton,99.4,51.6,24.7,6.77,38.9,66.5,675.6,Sprinkler,1.63
Cotton,78.0,47.5,56.0,6.18,34.4,67.7,943.7,Sprinkler,1.6
Cotton,88.0,43.8,47.7,7.97,46.8,76.0,504.1,Flood,1.22
Sugarcane,155.4,78.9,116.0,4.79,22.8,63.1,1328.6,Sprinkler,46.65
Sugarcane,223.1,57.5,112.8,6.65,27.5,36.5,250.8,Rainfed,27.71
Sugarcane,130.9,99.8,58.1,6.2,33.1,89.2,1384.5,Drip,52.21
Sugarcane,245.5,53.0,102.0,7.71,26.7,80.3,1044.4,Sprinkler,49.88
Sugarcane,32.0,12.0,31.1,6.1,28.3,71.1,1484.8,Rainfed,32.61
Sugarcane,104.7,96.7,61.1,6.38,31.0,73.1,986.5,Flood,44.69
Sugarcane,228.5,81.7,156.7,6.01,34.8,60.1,1601.5,Sprinkler,50.93
Sugarcane,220.3,64.5,110.5,6.19,23.7,78.1,2111.6,Drip,53.26
Sugarcane,234.4,60.7,137.8,6.29,41.6,63.4,1773.1,Drip,54.4
Sugarcane,275.6,90.8,80.2,7.18,28.8,77.3,1829.6,Flood,52.28
Sugarcane,137.0,47.1,97.7,5.74,26.4,69.7,1591.0,Rainfed,36.83
Sugarcane,238.7,61.6,69.7,4.01,30.1,89.9,1895.0,Sprinkler,47.32
Sugarcane,248.7,76.4,113.4,7.76,31.2,69.3,1104.2,Flood,48.42
Sugarcane,212.3,67.8,86.9,7.67,29.1,63.5,1299.3,Flood,50.26
Sugarcane,203.3,71.6,98.4,5.85,29.1,86.8,1611.8,Sprinkler,55.42
Sugarcane,128.3,61.3,123.4,7.61,25.3,28.4,107.7,Rainfed,24.83
Sugarcane,158.9,81.3,125.7,7.02,33.5,27.8,181.6,Rainfed,30.11
Sugarcane,143.7,76.4,78.6,5.91,28.1,70.0,1414.3,Drip,58.74
Sugarcane,285.4,99.3,58.9,7.97,32.7,90.6,1534.1,Sprinkler,47.55
Sugarcane,255.7,113.6,86.7,6.31,26.6,93.2,1519.6,Sprinkler,51.26
Sugarcane,175.5,56.5,110.1,7.91,21.0,90.6,2078.0,Sprinkler,47.87
Sugarcane,250.3,64.7,102.7,5.75,34.7,71.7,1842.6,Drip,56.45
Sugarcane,158.1,88.5,114.9,7.74,25.9,85.2,1602.6,Sprinkler,55.82
Sugarcane,268.9,63.2,150.1,6.04,33.2,76.9,1791.0,Drip,55.26
Sugarcane,132.0,69.3,61.9,7.19,21.9,61.4,1103.6,Sprinkler,50.47
Sugarcane,201.0,90.9,76.7,6.97,27.8,58.6,2010.9,Sprinkler,56.01
Sugarcane,189.9,98.7,139.2,7.39,29.4,78.0,1606.8,Drip,62.84
Sugarcane,275.6,98.9,67.7,6.15,22.0,84.5,2146.3,Rainfed,31.04
Sugarcane,255.3,84.3,147.1,7.57,32.9,77.6,2174.6,Sprinkler,53.72
Sugarcane,183.7,51.4,65.1,7.08,45.3,66.5,1921.9,Drip,55.11
Sugarcane,234.6,83.7,158.5,6.41,23.2,57.1,1364.8,Flood,44.55
Sugarcane,210.1,47.5,56.2,5.86,38.8,89.0,2379.5,Rainfed,33.29
Sugarcane,147.9,71.6,130.1,7.98,28.7,76.4,2525.4,Drip,53.78
Sugarcane,142.5,86.2,112.4,6.69,37.3,81.4,2171.6,Drip,57.12
Sugarcane,133.0,58.7,65.1,6.84,37.8,65.1,1587.9,Flood,49.99
Sugarcane,196.9,86.7,101.2,4.98,33.6,78.5,1350.8,Rainfed,38.66
Sugarcane,154.7,95.6,63.0,7.66,20.9,63.1,2290.5,Flood,42.03
Sugarcane,177.4,65.4,121.4,6.84,21.8,91.6,2267.9,Drip,57.96
Sugarcane,117.5,103.2,118.4,6.15,20.4,56.3,1812.4,Flood,43.06
Sugarcane,142.5,70.9,112.6,7.48,39.3,92.2,1917.8,Flood,46.86
Sugarcane,117.5,42.9,54.3,7.16,35.3,69.7,1876.0,Sprinkler,50.88
Sugarcane,18.5,9.3,6.7,7.31,35.4,71.2,2074.6,Rainfed,29.79
Sugarcane,169.4,95.4,83.9,7.11,28.7,66.1,2597.5,Drip,57.01
Sugarcane,210.8,86.9,141.3,6.59,23.9,62.9,2190.8,Sprinkler,50.57
Sugarcane,135.7,81.4,60.0,6.04,28.2,37.3,348.9,Rainfed,28.13
Sugarcane,283.2,54.3,117.1,6.98,23.9,85.0,1422.9,Sprinkler,50.77
Sugarcane,147.3,73.7,103.1,7.63,35.3,61.3,1955.9,Flood,48.87
Sugarcane,215.4,49.8,94.6,7.02,39.9,62.1,2610.5,Sprinkler,47.79
Sugarcane,139.1,77.6,71.6,7.22,36.9,24.9,378.8,Rainfed,26.73
Sugarcane,142.6,68.7,93.4,4.36,32.5,87.6,1600.6,Flood,45.18
Sugarcane,199.0,59.9,149.1,8.23,35.7,76.7,2567.4,Drip,53.52
Sugarcane,250.8,91.1,64.9,6.6,26.8,77.6,1449.7,Drip,55.02
Sugarcane,259.9,110.0,158.0,7.73,22.8,89.1,1631.9,Flood,44.76
Sugarcane,113.5,82.9,69.8,8.21,30.5,77.1,2484.2,Sprinkler,47.09
Sugarcane,156.9,78.9,146.3,7.77,39.3,57.9,1410.8,Drip,53.57
Sugarcane,42.1,9.2,35.3,6.75,23.7,74.8,2074.0,Flood,39.03
Sugarcane,164.8,56.8,145.7,6.08,38.2,66.3,2471.0,Flood,44.08
Sugarcane,208.5,63.7,95.3,7.69,24.9,88.6,1591.5,Sprinkler,55.98
Sugarcane,228.4,89.3,129.3,8.09,25.0,79.5,1632.7,Drip,55.16
Sugarcane,265.5,99.9,111.9,5.89,25.7,69.7,2004.5,Drip,51.32
Sugarcane,269.2,93.6,138.7,7.47,24.1,59.4,2353.5,Flood,40.66
Sugarcane,107.8,51.1,85.3,6.85,22.4,59.8,2179.5,Sprinkler,50.46
Sugarcane,185.9,113.3,56.5,6.17,33.0,60.5,1950.2,Sprinkler,53.4
Sugarcane,124.6,58.4,118.2,6.37,30.2,62.8,2120.9,Rainfed,41.26
Sugarcane,270.5,111.0,51.7,6.91,20.5,91.3,1830.9,Drip,53.11
Sugarcane,230.5,105.4,91.3,5.81,39.5,55.7,2552.1,Sprinkler,41.77
Sugarcane,234.0,91.0,109.4,7.99,33.8,25.4,414.1,Rainfed,24.8
Sugarcane,243.6,112.1,81.4,6.34,31.3,87.5,2214.2,Sprinkler,49.7
Sugarcane,146.9,73.9,79.1,8.0,22.3,82.2,1397.3,Sprinkler,48.62
Sugarcane,241.6,69.0,130.9,6.89,30.9,76.7,2599.4,Sprinkler,50.18
Sugarcane,203.8,58.9,104.8,5.18,30.3,87.8,1607.3,Flood,45.54
Sugarcane,232.8,70.4,78.1,7.2,28.4,61.6,1218.7,Flood,48.97
Sugarcane,145.2,98.6,60.6,6.69,30.1,65.7,1849.7,Flood,51.34
Sugarcane,168.1,56.4,145.2,7.99,25.9,87.9,1561.8,Drip,54.68
Sugarcane,212.6,62.4,78.8,8.24,37.3,87.4,1175.1,Flood,42.69
Sugarcane,254.9,98.1,92.2,7.17,36.7,55.7,2307.7,Rainfed,37.54
Sugarcane,164.8,54.4,98.3,7.46,31.1,65.9,1854.8,Rainfed,44.0
Sugarcane,128.6,77.6,68.4,6.04,42.0,76.9,1903.3,Flood,43.44
Sugarcane,171.9,84.1,54.0,6.38,34.2,82.1,1553.7,Flood,48.43
Sugarcane,165.2,111.7,127.6,7.1,30.2,61.4,1585.3,Flood,49.09
Sugarcane,253.5,64.3,98.7,5.92,22.0,73.8,1850.8,Drip,56.25
Sugarcane,242.7,57.4,110.9,7.79,30.7,91.3,1058.3,Sprinkler,51.94
Sugarcane,224.5,102.9,130.8,7.75,25.8,70.5,2013.0,Sprinkler,51.76
Sugarcane,274.4,66.9,58.4,6.8,27.9,94.5,1684.2,Drip,56.88
Sugarcane,175.6,102.1,59.9,6.52,39.3,61.1,2207.6,Sprinkler,47.81
Sugarcane,194.9,59.3,110.6,6.27,33.0,91.2,1103.6,Drip,57.59
Sugarcane,219.2,48.2,104.5,6.25,24.0,92.6,2239.4,Flood,44.23
Sugarcane,103.1,70.6,81.5,7.18,25.0,67.4,2388.1,Sprinkler,50.24
Sugarcane,22.9,15.8,25.0,6.54,28.1,82.0,2137.9,Drip,47.75
Sugarcane,164.3,54.8,114.9,6.96,34.6,72.7,1528.9,Drip,63.39
Sugarcane,228.7,52.3,135.8,4.15,22.6,72.4,1394.6,Sprinkler,45.16
Sugarcane,106.0,96.1,156.5,7.94,23.4,68.1,1249.7,Sprinkler,47.55
Sugarcane,160.8,81.6,127.0,6.8,37.1,85.9,1068.6,Sprinkler,52.58
Sugarcane,265.1,71.8,83.1,6.31,30.7,59.6,1882.8,Drip,56.49
Sugarcane,142.8,112.9,131.0,6.61,21.9,75.7,1318.6,Sprinkler,49.62
Sugarcane,202.4,109.7,153.5,7.03,26.1,73.4,1273.4,Sprinkler,54.29
Sugarcane,121.2,56.8,103.8,8.01,31.3,82.3,1529.6,Sprinkler,55.18
Sugarcane,151.9,82.6,126.6,6.92,45.1,79.6,1238.7,Drip,53.49
Sugarcane,240.0,104.6,85.1,6.72,27.1,88.3,1034.5,Drip,56.69
Sugarcane,202.2,56.8,98.4,7.0,38.0,65.4,2418.0,Sprinkler,55.47
Sugarcane,51.9,10.8,29.5,7.18,25.7,74.4,1606.1,Sprinkler,43.53
Sugarcane,132.5,103.8,140.4,6.94,37.1,64.9,989.5,Sprinkler,47.17
Sugarcane,207.2,107.7,157.7,7.35,35.3,58.4,1230.0,Flood,42.75
Sugarcane,214.7,55.9,120.0,6.15,21.3,68.2,1348.3,Flood,41.44
Sugarcane,191.6,88.5,89.7,7.46,43.5,68.4,1809.7,Rainfed,37.33
Sugarcane,222.4,106.5,71.3,7.88,22.4,63.6,1022.5,Drip,49.89
Sugarcane,187.2,48.1,156.6,7.99,35.1,92.3,1329.8,Flood,45.51
Sugarcane,166.3,98.6,79.9,6.55,22.2,92.4,1448.9,Sprinkler,52.91
Sugarcane,280.1,66.8,136.6,7.92,28.7,70.1,2216.2,Rainfed,35.58
Sugarcane,173.9,84.3,142.5,6.19,35.7,78.8,2460.8,Drip,54.41
Sugarcane,256.5,43.9,63.3,8.28,25.6,94.0,1266.7,Sprinkler,46.22
Sugarcane,200.3,103.6,76.8,6.85,23.1,78.8,1380.9,Drip,60.26
Sugarcane,107.0,49.2,126.5,6.82,37.3,82.8,973.6,Sprinkler,47.88
Sugarcane,200.5,92.0,77.1,6.84,37.1,61.7,1406.1,Sprinkler,53.96
Sugarcane,171.7,109.8,61.4,6.66,34.2,64.0,2062.8,Drip,57.41
Sugarcane,163.7,85.5,105.4,8.16,35.0,84.2,1037.9,Sprinkler,50.24
Sugarcane,274.1,61.2,80.7,6.77,24.9,60.2,2400.5,Sprinkler,49.6
Sugarcane,203.6,48.5,151.7,6.75,27.9,67.1,1733.9,Drip,61.12
Sugarcane,250.4,103.0,84.5,6.92,37.5,57.1,2453.8,Drip,54.67
Sugarcane,261.4,49.9,89.2,7.1,36.2,63.7,2308.9,Sprinkler,52.78
Sugarcane,200.5,51.7,91.8,7.17,33.8,69.5,1683.9,Rainfed,42.77
Sugarcane,175.4,94.6,118.3,6.44,33.1,81.2,1955.3,Drip,58.61
Sugarcane,176.3,88.8,148.4,6.8,35.5,93.9,1563.0,Sprinkler,55.59
Sugarcane,168.7,46.7,121.4,7.18,22.3,91.4,1294.2,Flood,46.36
Sugarcane,209.5,60.4,85.0,8.0,26.0,84.8,2623.5,Rainfed,38.33
Sugarcane,171.5,60.8,63.6,6.07,37.1,78.5,2427.8,Flood,43.18
Sugarcane,215.0,46.0,147.0,6.79,31.2,55.9,2532.6,Rainfed,41.95
Sugarcane,151.1,58.6,125.1,5.97,29.1,74.7,1600.6,Drip,60.22
Sugarcane,164.6,78.7,125.2,8.22,22.9,89.9,1437.4,Sprinkler,53.29
Sugarcane,172.8,65.6,144.8,6.27,23.6,55.6,1313.8,Sprinkler,53.6
Sugarcane,149.2,47.7,132.9,7.67,40.0,91.0,2515.8,Flood,39.36
Sugarcane,112.4,106.7,104.0,7.51,21.0,76.4,1466.1,Drip,54.5
Sugarcane,102.1,76.3,104.5,7.94,29.0,69.5,2631.2,Sprinkler,47.43
Sugarcane,165.2,70.7,134.1,5.89,37.3,72.2,1936.6,Flood,40.41
Sugarcane,267.2,113.5,105.4,8.14,20.0,90.8,1482.6,Drip,48.25
Sugarcane,160.9,54.2,97.2,4.9,25.5,66.6,2147.2,Sprinkler,45.54
Sugarcane,142.7,94.8,120.4,5.96,38.5,77.3,1380.3,Drip,52.24
Sugarcane,205.4,89.3,104.0,7.36,37.0,36.0,206.6,Rainfed,25.23
Sugarcane,261.6,52.0,86.8,7.2,33.5,85.5,1494.6,Drip,58.55
Sugarcane,245.7,110.5,66.6,6.68,25.6,89.4,1780.4,Drip,55.76
Sugarcane,174.1,81.0,149.3,6.37,24.8,65.5,1528.0,Drip,57.05
Sugarcane,142.0,61.0,83.7,7.7,28.6,87.8,2278.6,Rainfed,40.37
Sugarcane,111.6,103.2,154.2,8.28,22.5,79.5,1295.1,Drip,48.96
Sugarcane,223.8,56.4,91.7,4.33,26.7,63.7,2005.8,Flood,43.73
Sugarcane,180.7,104.1,85.3,7.83,22.4,62.3,2557.4,Flood,45.11
Sugarcane,141.3,46.8,110.1,6.07,23.7,90.7,972.4,Flood,40.33
Sugarcane,205.7,91.2,98.5,6.0,22.1,85.2,1331.3,Drip,54.61
Sugarcane,256.2,51.6,65.9,7.84,38.4,86.6,1297.3,Sprinkler,46.17
Sugarcane,131.7,57.8,82.1,7.02,30.2,87.6,2225.1,Rainfed,41.13
Sugarcane,194.8,43.5,150.4,5.82,26.4,77.8,1830.0,Flood,46.23
Sugarcane,144.5,57.1,150.8,6.39,25.6,71.5,1194.3,Sprinkler,51.16
Sugarcane,129.4,75.6,55.2,5.75,28.8,65.1,2108.0,Flood,45.64
Sugarcane,243.1,46.0,91.9,6.41,27.7,61.4,1124.1,Sprinkler,51.88
Sugarcane,198.9,79.9,127.1,5.82,34.2,78.3,1292.8,Drip,57.16
Sugarcane,56.3,25.1,27.8,7.85,29.1,65.2,1247.8,Drip,48.11
Sugarcane,281.0,95.8,57.8,7.64,20.5,81.0,1313.6,Flood,43.27
Sugarcane,263.9,66.9,119.2,6.44,38.3,86.2,1368.7,Rainfed,39.81
Sugarcane,106.2,112.0,88.9,6.19,37.0,83.1,1105.7,Drip,47.95
Sugarcane,115.9,109.0,132.6,6.57,27.3,75.3,1566.4,Flood,47.0
Sugarcane,143.3,89.9,126.4,7.48,20.5,91.0,1528.0,Flood,46.94
Sugarcane,222.7,71.1,117.9,5.8,35.2,59.0,1626.5,Drip,56.97
Sugarcane,228.6,103.5,65.6,7.42,31.5,56.2,1298.4,Drip,58.97
Sugarcane,175.2,95.8,99.8,6.8,45.5,62.2,1289.5,Flood,43.84
Sugarcane,185.1,99.1,126.5,7.82,26.1,83.2,1465.5,Rainfed,40.95
Sugarcane,122.5,98.3,71.9,7.64,42.7,70.5,1416.8,Rainfed,40.75
Sugarcane,198.7,74.5,99.1,6.16,42.1,69.6,1619.3,Drip,55.14
Sugarcane,177.9,80.5,65.8,5.77,23.1,80.1,1083.7,Drip,51.59
Sugarcane,122.5,82.7,90.8,7.35,31.4,66.7,2047.2,Rainfed,41.36
Sugarcane,254.6,71.9,159.3,7.7,39.3,75.6,1755.8,Flood,46.04
Sugarcane,143.4,67.4,134.5,6.29,32.1,77.8,1320.7,Rainfed,38.92
Sugarcane,206.4,56.1,139.1,8.23,24.3,62.5,1724.3,Flood,46.45
Sugarcane,179.9,112.7,127.4,7.57,31.3,94.0,2117.3,Flood,47.86
Sugarcane,238.4,63.6,84.4,7.74,25.9,77.5,1378.9,Flood,44.94
Sugarcane,154.4,66.0,89.7,5.86,39.7,56.3,2073.0,Sprinkler,49.04
Sugarcane,168.1,91.3,131.2,7.5,22.3,81.3,1430.4,Drip,54.8
Sugarcane,232.7,64.9,85.7,5.86,33.7,77.7,1547.0,Flood,43.64
Sugarcane,189.0,79.6,121.0,7.42,25.8,60.6,1223.1,Sprinkler,54.27
Sugarcane,161.6,92.0,126.6,4.8,32.7,81.0,1873.8,Drip,55.07
Sugarcane,114.9,78.5,103.0,6.51,37.4,61.8,1552.1,Flood,47.34
Sugarcane,116.3,61.2,61.4,6.52,37.5,68.9,1904.0,Sprinkler,51.4
Sugarcane,281.9,64.0,120.0,6.79,21.2,74.6,2326.4,Drip,53.81
Sugarcane,188.9,106.9,135.3,7.81,36.3,80.7,1729.5,Flood,48.48
Sugarcane,106.4,46.2,156.5,6.42,37.5,70.6,1160.1,Drip,48.87
Sugarcane,232.1,114.0,99.6,7.05,30.4,76.6,1829.8,Drip,61.2
Sugarcane,194.8,79.7,85.2,6.7,45.6,77.5,1349.2,Flood,44.15
Sugarcane,266.8,104.2,98.7,7.67,22.0,56.6,2225.4,Sprinkler,47.14
Sugarcane,120.0,104.5,103.8,7.85,36.3,91.6,1460.4,Rainfed,39.51
Sugarcane,255.8,95.4,74.0,8.17,21.2,90.9,1471.5,Sprinkler,45.87
Sugarcane,133.9,68.5,72.2,6.23,23.7,74.6,2300.5,Sprinkler,49.13
Sugarcane,225.8,75.1,126.8,5.88,37.2,86.1,1372.0,Flood,45.88
Sugarcane,143.7,53.6,78.0,7.07,33.1,39.4,68.5,Rainfed,25.79
Sugarcane,182.5,78.6,149.2,7.79,32.7,90.4,2099.8,Flood,47.56
Sugarcane,199.4,95.0,53.2,7.49,38.7,83.6,1021.8,Sprinkler,49.82
Sugarcane,124.9,103.8,86.7,7.24,30.8,81.5,2204.0,Sprinkler,52.29
Sugarcane,252.2,99.4,101.4,5.8,29.8,90.9,1280.0,Rainfed,38.79
Sugarcane,210.9,94.7,97.4,7.9,33.9,85.9,2291.4,Drip,56.69
Sugarcane,26.1,19.5,18.8,6.04,22.6,84.8,1807.7,Rainfed,30.57
Sugarcane,280.5,99.0,147.2,7.54,35.2,75.9,2512.7,Flood,40.47
Sugarcane,226.8,64.6,54.9,8.13,31.7,66.9,1210.5,Flood,45.0
Sugarcane,169.9,64.5,51.9,7.87,21.7,80.2,1806.8,Sprinkler,51.5
Sugarcane,107.9,98.6,56.7,5.8,28.6,57.5,2285.8,Sprinkler,47.65
Sugarcane,204.9,100.5,118.2,6.28,32.3,80.1,2193.3,Sprinkler,52.51
Sugarcane,138.6,111.5,110.2,7.45,22.0,70.2,2252.6,Flood,44.04
Sugarcane,236.6,51.1,128.7,7.84,27.7,38.0,240.1,Rainfed,24.04
Sugarcane,165.1,65.9,97.7,6.08,36.6,68.9,1632.3,Flood,53.18
Sugarcane,266.5,54.8,103.1,8.23,27.4,69.9,1287.7,Drip,52.37
Sugarcane,244.8,112.8,136.1,6.33,20.8,94.4,1532.0,Drip,52.38
Sugarcane,51.6,6.2,21.9,7.03,33.1,62.3,2005.3,Drip,50.59
Sugarcane,141.5,48.3,112.8,5.74,28.2,57.9,1640.8,Drip,55.59
Sugarcane,263.4,96.6,75.1,5.89,34.3,70.6,2247.0,Sprinkler,46.92
Sugarcane,185.7,96.8,150.2,5.83,30.5,56.3,1746.9,Flood,48.85
Sugarcane,275.3,97.4,62.4,6.3,27.9,61.8,1791.5,Sprinkler,50.49
Sugarcane,182.5,99.5,154.6,7.98,24.2,74.8,1544.2,Sprinkler,52.0
Sugarcane,199.1,113.7,57.6,6.97,35.5,61.0,1987.4,Drip,57.54
Sugarcane,162.7,66.4,116.8,6.18,25.7,71.7,1554.1,Sprinkler,55.88
Sugarcane,159.1,51.7,134.7,7.91,25.1,71.3,1797.6,Sprinkler,54.42
Sugarcane,109.7,94.8,57.8,6.92,36.6,73.0,1210.5,Rainfed,38.35
Sugarcane,136.1,110.8,109.6,7.92,26.8,68.4,2615.7,Sprinkler,46.71
Sugarcane,143.3,60.1,68.9,7.28,37.8,42.0,69.6,Rainfed,27.19
Sugarcane,55.5,29.9,30.4,7.11,29.8,85.1,2136.0,Drip,51.47
Sugarcane,136.6,49.9,84.3,7.94,20.3,66.7,1672.4,Sprinkler,50.45
Sugarcane,208.0,84.9,102.9,7.77,42.5,71.4,1977.6,Sprinkler,54.05
Sugarcane,211.0,91.8,66.5,6.85,26.5,57.3,2359.8,Drip,55.63
Sugarcane,161.0,75.6,79.7,7.73,27.0,67.4,1951.8,Rainfed,43.21
Sugarcane,168.8,94.1,136.0,7.43,29.9,36.0,228.0,Rainfed,27.77
Sugarcane,181.9,91.8,114.2,4.82,25.5,89.5,2041.7,Drip,53.02
Sugarcane,152.5,78.0,95.5,6.14,24.1,91.7,2401.9,Drip,54.32
Sugarcane,117.1,106.3,56.7,7.14,35.6,59.7,1639.5,Drip,57.65
Sugarcane,159.0,83.1,153.6,6.5,21.0,82.0,2281.9,Rainfed,36.6
Sugarcane,251.7,87.8,80.6,6.44,22.5,91.9,1250.5,Sprinkler,47.71
Sugarcane,170.6,68.1,124.5,6.71,25.1,71.0,2316.9,Rainfed,42.42
Sugarcane,217.9,114.1,99.2,5.87,39.1,86.7,1629.2,Rainfed,38.07
Sugarcane,171.0,86.7,81.2,7.52,23.1,59.3,1858.6,Sprinkler,52.42
Sugarcane,250.4,80.4,71.7,5.97,28.6,68.5,2061.9,Rainfed,38.9
Sugarcane,176.4,72.9,104.1,6.21,46.9,67.3,1398.6,Drip,53.86
Sugarcane,199.3,86.2,62.0,7.14,36.1,60.5,1605.2,Rainfed,43.62
Sugarcane,167.5,75.8,159.0,6.22,21.3,89.4,2419.0,Sprinkler,49.22
Sugarcane,151.2,43.7,103.8,7.93,37.9,93.2,2437.7,Sprinkler,46.5
Sugarcane,245.7,96.1,110.2,5.93,38.5,73.2,1570.4,Sprinkler,47.01
Sugarcane,155.8,56.0,95.7,7.6,39.3,87.4,2539.8,Drip,53.32
Sugarcane,124.9,80.9,70.5,6.69,32.8,62.9,1327.3,Rainfed,41.92
Sugarcane,241.7,58.4,105.8,7.84,36.3,86.8,2343.9,Drip,52.37
Sugarcane,191.9,107.1,83.7,8.12,29.0,81.8,1411.7,Sprinkler,52.18
Sugarcane,238.7,83.4,148.5,7.43,32.9,64.9,1623.4,Flood,51.6
Sugarcane,160.5,58.1,116.3,5.87,34.3,83.1,1556.3,Flood,50.16
Sugarcane,63.5,10.3,17.1,6.64,24.4,68.7,1432.8,Rainfed,32.9
Sugarcane,178.9,51.5,97.2,6.21,28.3,70.4,2200.5,Flood,47.7
Sugarcane,229.3,45.0,141.1,6.22,31.6,73.7,1665.3,Flood,47.43
Sugarcane,116.0,111.1,152.3,7.48,29.4,58.7,2288.5,Drip,53.3
Sugarcane,239.5,69.7,65.5,6.7,25.0,79.6,1229.3,Rainfed,38.45
Sugarcane,203.1,62.6,111.6,6.0,38.9,66.6,2510.6,Drip,50.33
Sugarcane,162.0,79.4,125.1,7.23,31.5,57.6,1378.4,Sprinkler,57.87
Sugarcane,179.5,56.4,94.6,6.25,30.0,34.0,195.2,Rainfed,28.58
Sugarcane,243.1,77.7,73.1,6.02,26.9,60.5,2637.1,Drip,52.17
Sugarcane,185.9,64.3,113.8,6.09,35.7,68.3,1953.5,Flood,45.72
Sugarcane,244.6,106.1,62.4,6.7,35.5,72.3,1518.1,Sprinkler,53.57
Sugarcane,287.5,78.2,73.9,6.12,20.8,77.4,1874.9,Drip,53.78
Sugarcane,165.8,114.3,92.2,7.68,29.1,86.7,2252.0,Flood,48.14
Sugarcane,276.2,84.5,77.1,6.74,35.2,81.0,1258.7,Drip,53.99
Sugarcane,240.5,83.3,60.2,6.18,24.4,65.3,1909.9,Sprinkler,51.62
Sugarcane,47.4,29.8,13.2,6.12,22.5,81.3,2030.2,Drip,44.66
Sugarcane,256.3,48.6,136.0,5.96,37.6,67.2,2059.4,Sprinkler,44.19
Sugarcane,221.7,111.2,55.5,8.09,32.2,87.3,1604.9,Sprinkler,49.57
Sugarcane,105.7,54.0,121.6,7.56,31.7,60.7,1708.3,Sprinkler,55.01
Sugarcane,263.4,98.7,60.2,8.01,29.4,84.8,1195.3,Flood,42.6
Sugarcane,167.3,79.0,75.4,7.6,45.5,80.9,1687.5,Drip,53.57
Sugarcane,275.1,58.8,118.6,5.77,38.6,75.9,1032.6,Drip,46.88
Sugarcane,189.2,70.3,64.1,6.34,22.0,87.3,1187.2,Sprinkler,49.82
Sugarcane,143.9,88.9,101.3,6.74,31.9,74.7,1469.9,Sprinkler,55.51
Sugarcane,225.6,61.3,102.1,6.26,29.6,34.0,241.7,Rainfed,26.96
Sugarcane,66.0,5.2,11.7,7.65,32.7,86.8,1257.2,Sprinkler,41.06
Sugarcane,199.2,59.6,81.9,7.28,29.5,41.5,197.2,Rainfed,26.62
Sugarcane,284.7,108.6,54.2,7.7,22.2,56.1,1419.8,Drip,50.6
Sugarcane,234.0,72.8,127.9,8.3,34.2,85.5,2536.5,Drip,51.72
Sugarcane,259.8,111.7,74.2,7.01,33.6,64.9,1968.8,Drip,56.4
Sugarcane,185.4,78.3,83.8,6.11,20.9,62.8,1937.7,Flood,44.38
Sugarcane,182.7,90.3,124.4,5.11,23.4,68.1,1967.7,Flood,43.99
Sugarcane,104.0,91.3,97.6,7.03,24.3,77.1,2605.0,Drip,53.44
Sugarcane,147.1,60.5,92.7,7.83,38.3,63.1,1872.2,Sprinkler,47.21
Sugarcane,140.5,80.8,139.6,6.36,44.3,63.6,2134.2,Rainfed,36.86
Sugarcane,112.8,80.7,110.3,7.94,22.0,64.6,1643.0,Flood,47.26
Sugarcane,136.7,87.4,151.9,6.91,22.1,73.3,1591.3,Sprinkler,52.22
Sugarcane,105.2,114.6,110.8,6.93,39.1,61.2,1277.9,Flood,45.52
Sugarcane,108.2,80.0,72.6,7.67,32.8,91.9,2275.4,Drip,53.65
Sugarcane,221.0,91.0,142.5,7.19,29.3,80.5,1460.6,Drip,58.79
Sugarcane,171.5,97.7,133.3,6.47,34.5,35.6,116.3,Rainfed,26.95
Sugarcane,134.9,63.9,118.7,6.68,27.9,76.6,1106.5,Flood,47.08
Sugarcane,165.9,89.5,94.2,8.03,36.9,64.7,2122.1,Drip,51.25
Sugarcane,166.7,102.8,86.0,7.35,39.7,90.1,1229.4,Sprinkler,49.29
Sugarcane,164.3,81.8,72.1,7.1,25.6,66.6,2201.1,Drip,56.99
Sugarcane,177.6,77.7,124.6,6.66,24.3,90.4,2608.1,Drip,53.29
Sugarcane,164.3,88.8,72.0,8.07,29.3,68.0,2246.1,Drip,56.67
Sugarcane,167.9,67.0,88.1,5.78,23.0,60.7,2620.9,Drip,49.56
Sugarcane,137.9,83.6,138.3,7.06,25.4,78.8,1712.9,Rainfed,45.93
Sugarcane,190.7,91.3,113.9,8.27,36.5,65.6,2179.3,Drip,52.89
Sugarcane,248.7,62.8,143.1,7.37,28.0,71.9,2515.7,Drip,54.75
Sugarcane,233.2,109.4,129.4,7.22,38.1,88.2,2164.2,Drip,56.26
Sugarcane,161.2,53.0,111.8,6.44,24.7,71.0,2279.6,Sprinkler,49.01
Sugarcane,139.9,92.2,75.7,7.86,42.5,82.0,1484.7,Rainfed,33.05
Sugarcane,234.8,65.4,115.4,7.51,24.4,30.0,257.6,Rainfed,26.65
Chickpea,30.0,69.9,24.5,7.19,30.8,52.6,606.9,Drip,1.3
Chickpea,56.7,65.1,42.2,6.64,14.1,61.9,261.0,Flood,1.01
Chickpea,40.9,60.3,37.3,5.0,15.5,44.8,683.7,Flood,0.87
Chickpea,26.6,85.7,34.4,6.11,22.1,64.7,253.1,Flood,1.03
Chickpea,23.9,76.7,29.8,6.32,28.7,55.5,779.0,Sprinkler,1.15
Chickpea,22.3,62.8,33.2,6.28,28.2,28.6,77.1,Rainfed,0.64
Chickpea,36.8,38.7,30.5,5.9,16.6,30.3,348.8,Drip,1.34
Chickpea,45.6,52.7,43.1,7.0,21.7,37.8,422.1,Sprinkler,1.33
Chickpea,53.0,46.3,19.5,6.94,29.8,44.6,628.6,Drip,1.32
Chickpea,21.3,52.6,39.2,5.77,26.1,51.1,413.1,Flood,1.09
Chickpea,57.2,76.7,41.6,5.83,30.2,61.6,377.4,Sprinkler,1.02
Chickpea,36.4,72.2,44.8,4.34,25.5,52.9,495.6,Flood,1.14
Chickpea,44.2,67.6,25.5,5.75,28.4,49.6,424.1,Drip,1.28
Chickpea,54.2,80.9,49.0,7.61,23.0,38.8,718.8,Drip,1.15
Chickpea,26.4,60.9,28.2,6.02,21.6,65.0,582.3,Flood,1.16
Chickpea,35.8,68.5,44.6,7.28,30.9,45.9,363.8,Sprinkler,1.17
Chickpea,35.1,56.0,21.9,4.02,24.1,37.0,452.2,Flood,1.07
Chickpea,22.2,78.0,43.0,6.12,19.5,68.7,596.5,Flood,1.09
Chickpea,25.5,75.0,40.8,7.13,23.5,52.5,681.4,Drip,1.4
Chickpea,39.1,70.7,51.7,6.61,21.1,63.7,723.3,Flood,1.11
Chickpea,30.1,65.8,47.4,7.56,15.1,47.1,518.8,Rainfed,0.88
Chickpea,39.0,45.8,30.1,5.08,17.5,54.9,381.8,Flood,1.1
Chickpea,44.3,68.7,24.9,6.21,33.2,42.1,609.7,Flood,1.0
Chickpea,44.2,52.6,32.0,4.35,24.0,56.5,478.9,Rainfed,0.9
Chickpea,39.0,35.7,38.5,5.82,24.7,57.4,358.7,Flood,1.13
Chickpea,30.0,76.8,17.3,5.71,27.4,60.5,713.4,Rainfed,0.75
Chickpea,11.2,15.4,10.5,6.4,24.8,43.7,534.7,Rainfed,0.87
Chickpea,37.1,49.6,21.1,6.56,13.5,38.4,499.5,Sprinkler,1.33
Chickpea,33.8,72.8,25.8,6.05,37.8,52.9,505.6,Rainfed,0.97
Chickpea,19.9,74.1,19.5,7.64,14.0,49.2,673.8,Sprinkler,1.0
Chickpea,25.5,52.6,29.6,6.71,24.0,34.3,52.7,Rainfed,0.63
Chickpea,45.5,69.5,38.3,6.01,28.9,47.0,372.9,Drip,1.25
Chickpea,42.0,68.8,50.5,6.02,31.7,56.2,512.5,Flood,1.01
Chickpea,44.0,70.5,48.1,6.64,25.5,59.8,512.4,Drip,1.5
Chickpea,18.9,71.5,48.7,6.43,14.9,39.3,577.4,Rainfed,0.83
Chickpea,46.7,54.5,42.1,6.38,28.0,43.6,393.7,Flood,1.12
Chickpea,28.5,82.9,41.0,6.16,24.7,64.8,657.7,Drip,1.38
Chickpea,24.2,70.6,18.0,7.16,31.2,37.0,426.8,Sprinkler,1.23
Chickpea,30.9,68.7,48.2,7.23,26.5,45.3,786.9,Drip,1.23
Chickpea,51.9,40.9,45.3,7.41,24.2,60.4,349.1,Drip,1.21
Chickpea,37.2,46.9,40.9,7.57,25.0,43.9,529.9,Flood,1.28
Chickpea,29.1,36.2,18.1,6.29,23.1,52.3,536.4,Sprinkler,1.26
Chickpea,33.2,41.3,21.0,6.33,31.9,43.1,801.9,Sprinkler,1.15
Chickpea,22.3,68.0,43.1,5.05,20.1,44.8,314.0,Rainfed,0.79
Chickpea,29.7,54.7,37.1,6.53,24.4,42.1,105.8,Rainfed,0.62
Chickpea,31.1,59.8,31.5,5.98,16.1,43.7,577.2,Sprinkler,1.23
Chickpea,46.9,72.5,31.9,5.96,23.1,45.3,322.8,Rainfed,0.99
Chickpea,22.8,36.9,38.7,6.22,17.6,68.3,517.1,Drip,1.29
Chickpea,40.7,51.2,17.9,6.63,15.0,54.8,611.8,Drip,1.32
Chickpea,29.0,49.0,51.2,5.79,31.8,31.9,413.0,Sprinkler,1.04
Chickpea,10.8,5.6,7.6,6.26,18.8,61.3,474.4,Rainfed,0.77
Chickpea,25.5,41.1,17.9,7.67,30.5,32.0,343.9,Drip,1.16
Chickpea,25.3,83.4,19.9,6.14,14.5,69.2,791.0,Flood,0.86
Chickpea,30.8,59.1,32.2,4.46,25.8,61.5,302.1,Rainfed,0.85
Chickpea,41.0,69.9,31.7,5.0,17.7,39.8,563.0,Drip,1.28
Chickpea,25.9,71.4,35.1,6.79,14.4,50.5,733.6,Rainfed,0.97
Chickpea,37.1,71.2,38.8,7.45,38.8,41.8,590.1,Drip,1.23
Chickpea,32.4,36.3,28.6,6.52,31.8,38.3,566.9,Rainfed,0.94
Chickpea,57.2,84.6,34.0,7.16,15.1,47.6,725.4,Sprinkler,1.1
Chickpea,52.5,58.0,24.3,7.52,20.9,60.0,568.8,Sprinkler,1.28
Chickpea,40.7,54.4,20.8,7.58,13.7,64.5,456.0,Sprinkler,1.26
Chickpea,38.3,66.6,43.3,7.47,27.5,44.2,838.0,Sprinkler,1.12
Chickpea,10.8,21.0,11.8,6.65,23.4,53.9,673.9,Flood,1.02
Chickpea,52.5,79.8,23.1,6.26,14.5,61.1,281.9,Sprinkler,0.97
Chickpea,49.7,66.5,40.9,6.86,28.1,54.4,678.5,Rainfed,0.94
Chickpea,32.9,80.0,51.0,6.74,20.4,48.9,751.6,Sprinkler,1.15
Chickpea,10.3,17.6,8.0,7.27,26.7,56.7,580.3,Sprinkler,1.01
Chickpea,50.4,80.2,49.6,6.42,18.6,39.4,738.1,Flood,0.94
Chickpea,35.2,58.5,42.2,4.46,28.6,48.2,598.5,Flood,0.99
Chickpea,29.4,41.8,31.7,7.72,20.8,43.9,506.7,Drip,1.42
Chickpea,43.6,64.4,28.9,7.33,29.6,33.9,89.6,Rainfed,0.63
Chickpea,29.2,37.5,25.8,6.12,23.3,54.1,605.1,Sprinkler,1.2
Chickpea,50.8,58.9,51.3,6.62,25.3,32.0,632.0,Flood,1.14
Chickpea,39.8,42.2,46.8,7.61,21.5,41.2,324.5,Flood,1.01
Chickpea,53.8,69.1,39.4,6.87,13.9,67.3,616.8,Rainfed,0.96
Chickpea,10.7,16.1,11.1,6.4,16.8,51.8,370.6,Rainfed,0.79
Chickpea,28.7,70.0,28.7,7.73,14.9,49.9,496.8,Drip,1.29
Chickpea,56.7,76.0,46.9,6.46,19.2,50.7,267.4,Rainfed,0.64
Chickpea,34.1,72.8,39.7,7.45,36.6,45.0,630.7,Drip,1.2
Chickpea,35.3,72.4,34.4,6.97,18.8,38.0,565.5,Sprinkler,1.36
Chickpea,44.2,70.1,18.6,6.41,20.8,33.9,381.5,Drip,1.36
Chickpea,54.4,65.3,23.5,7.34,31.2,53.2,649.2,Drip,1.27
Chickpea,46.8,82.5,38.9,7.36,16.3,38.5,559.2,Drip,1.23
Chickpea,49.7,58.2,23.3,7.06,31.9,54.9,261.5,Drip,1.25
Chickpea,24.9,76.5,46.4,6.24,19.2,39.4,785.0,Sprinkler,1.07
Chickpea,32.6,51.7,39.0,6.94,18.6,36.0,461.1,Sprinkler,1.45
Chickpea,54.0,35.9,25.5,6.11,22.5,47.2,677.4,Drip,1.32
Chickpea,55.8,74.4,48.5,6.19,16.8,30.3,664.1,Rainfed,0.83
Chickpea,11.1,22.6,5.7,6.9,19.5,61.7,606.1,Rainfed,0.87
Chickpea,31.0,61.3,29.5,5.73,23.7,35.0,288.0,Flood,1.15
Chickpea,10.9,10.9,11.4,6.61,19.0,37.9,617.3,Rainfed,0.84
Chickpea,17.7,54.4,39.7,6.23,21.2,32.3,592.9,Flood,1.12
Chickpea,34.0,38.6,24.0,6.02,22.2,51.2,809.4,Drip,1.33
Chickpea,52.4,44.7,18.4,7.11,19.6,30.7,390.8,Drip,1.42
Chickpea,24.0,55.6,33.8,6.66,31.5,31.8,810.6,Sprinkler,1.13
Chickpea,52.6,80.8,25.3,6.12,22.4,66.0,433.4,Flood,1.17
Chickpea,48.5,63.5,31.0,7.73,24.6,59.1,447.0,Flood,1.09
Chickpea,38.1,69.7,26.4,6.96,21.4,53.9,414.5,Flood,1.2
Chickpea,27.5,49.7,40.0,7.16,26.4,57.3,475.7,Sprinkler,1.28
Chickpea,20.8,83.0,45.7,7.5,30.2,46.3,748.0,Drip,1.08
Chickpea,41.6,45.5,43.0,4.77,19.1,38.7,359.9,Drip,1.18
Chickpea,26.1,37.6,33.7,6.06,26.9,39.5,445.5,Sprinkler,1.26
Chickpea,32.3,76.6,23.2,5.87,19.2,47.0,565.6,Sprinkler,1.15
Chickpea,56.1,60.7,51.3,6.33,13.6,36.6,477.1,Drip,1.19
Chickpea,39.5,63.6,24.5,6.74,20.5,49.1,620.3,Rainfed,1.0
Chickpea,39.1,82.3,36.9,5.85,23.5,53.0,368.6,Sprinkler,1.23
Chickpea,42.2,47.6,37.2,6.21,21.5,34.9,262.4,Drip,1.32
Chickpea,38.2,62.9,49.7,7.63,29.8,33.9,620.6,Flood,0.98
Chickpea,40.4,34.9,50.8,6.69,20.5,45.8,494.5,Drip,1.48
Chickpea,38.4,51.0,35.2,5.94,15.5,57.8,790.5,Flood,0.92
Chickpea,10.0,14.7,6.4,7.3,16.6,35.0,480.5,Drip,1.13
Chickpea,57.4,49.6,28.3,6.08,30.0,59.8,303.4,Rainfed,0.85
Chickpea,51.4,36.5,34.5,7.17,23.3,56.7,730.7,Sprinkler,1.17
Chickpea,18.8,53.0,30.2,7.39,25.4,47.5,631.3,Drip,1.35
Chickpea,41.2,50.2,21.4,6.07,34.2,42.0,466.0,Sprinkler,1.26
Chickpea,25.1,61.3,29.0,6.8,17.4,31.9,583.5,Drip,1.49
Chickpea,11.4,17.8,6.8,7.17,18.8,39.5,439.9,Sprinkler,1.05
Chickpea,39.9,48.2,22.1,6.97,22.3,33.8,477.4,Sprinkler,1.51
Chickpea,20.1,52.2,45.6,7.06,18.5,63.8,536.0,Sprinkler,1.22
Chickpea,18.2,35.1,30.7,7.68,29.6,50.5,579.1,Drip,1.2
Chickpea,20.9,66.8,40.9,6.93,37.5,50.7,547.3,Sprinkler,1.18
Chickpea,40.8,50.2,51.7,7.27,24.7,46.9,610.9,Drip,1.39
Chickpea,11.1,23.7,10.0,6.13,20.9,50.5,635.6,Flood,0.93
Chickpea,29.8,74.9,23.1,7.34,25.6,57.3,528.9,Flood,1.3
Chickpea,10.1,7.8,9.0,7.11,16.1,62.6,689.4,Sprinkler,0.88
Chickpea,49.5,67.9,28.3,7.65,21.7,40.6,484.9,Flood,1.15
Chickpea,31.4,46.2,38.8,7.63,16.5,62.1,526.0,Flood,1.02
Chickpea,53.5,50.7,33.0,6.18,16.5,61.1,360.4,Flood,1.06
Chickpea,57.3,44.3,20.2,5.86,28.9,47.5,241.9,Flood,0.9
Chickpea,25.8,56.6,37.0,6.95,35.6,62.0,507.7,Drip,1.38
Chickpea,47.3,68.5,32.3,6.44,27.3,42.9,712.7,Flood,1.0
Chickpea,39.5,65.4,33.7,6.58,36.9,62.2,466.7,Rainfed,1.01
Chickpea,31.7,70.8,23.2,6.46,18.5,54.1,337.7,Sprinkler,1.26
Chickpea,20.0,57.5,20.3,6.96,18.3,41.5,286.1,Drip,1.36
Chickpea,40.7,37.5,39.6,6.73,23.2,63.3,445.3,Drip,1.53
Chickpea,50.7,73.6,35.0,7.06,20.7,51.2,544.4,Flood,1.17
Chickpea,21.0,75.2,40.8,7.7,21.1,33.1,313.0,Flood,1.05
Chickpea,52.3,45.2,37.7,5.9,16.8,42.4,684.5,Drip,1.19
Chickpea,19.9,53.7,19.8,7.31,15.7,65.4,558.1,Rainfed,0.88
Chickpea,50.7,56.0,48.0,5.95,26.5,43.9,300.8,Sprinkler,1.04
Chickpea,56.7,54.5,47.8,6.77,26.6,31.8,574.4,Drip,1.37
Chickpea,39.7,82.9,45.2,6.03,20.4,56.7,803.0,Rainfed,0.78
Chickpea,40.2,73.5,26.5,6.3,25.4,64.9,821.9,Drip,1.3
Chickpea,31.1,66.3,37.3,6.97,24.8,63.9,342.0,Sprinkler,1.33
Chickpea,28.5,85.1,26.1,6.69,29.7,33.2,732.4,Sprinkler,1.16
Chickpea,46.6,66.8,24.9,6.93,26.9,42.2,82.8,Rainfed,0.6
Chickpea,37.6,70.0,51.0,6.2,16.2,43.7,338.6,Drip,1.27
Chickpea,31.9,44.2,32.5,7.01,15.6,68.9,506.0,Rainfed,1.09
Chickpea,10.2,21.5,11.6,6.12,20.2,63.7,333.3,Drip,1.13
Chickpea,51.6,59.1,38.6,5.87,22.4,57.9,590.4,Sprinkler,1.33
Chickpea,40.6,58.7,25.9,7.12,22.1,27.4,106.1,Rainfed,0.7
Chickpea,44.8,57.3,28.7,6.48,38.2,40.9,364.2,Sprinkler,1.18
Chickpea,28.9,34.4,27.3,6.29,29.9,68.7,282.3,Sprinkler,1.1
Chickpea,29.8,62.0,40.0,7.18,15.6,62.5,647.1,Flood,1.11
Chickpea,53.2,79.2,32.2,6.5,30.7,58.6,796.9,Flood,0.92
Chickpea,56.2,50.7,20.2,7.19,26.9,41.4,418.6,Sprinkler,1.19
Chickpea,10.6,21.2,10.6,6.99,19.9,50.5,477.9,Drip,1.27
Chickpea,36.3,65.1,42.0,6.96,20.7,24.6,103.2,Rainfed,0.71
Chickpea,25.4,43.2,26.3,6.43,36.9,39.8,672.1,Rainfed,0.85
Chickpea,10.0,23.8,8.9,6.05,23.8,48.1,309.6,Sprinkler,0.99
Chickpea,39.8,62.5,50.3,7.27,29.2,44.2,572.6,Sprinkler,1.25
Chickpea,44.6,58.9,27.6,6.66,16.0,63.3,547.6,Rainfed,0.92
Chickpea,44.4,68.9,17.6,6.8,28.6,31.8,813.7,Sprinkler,1.14
Chickpea,36.2,67.7,34.4,7.03,15.6,31.5,322.1,Drip,1.29
Chickpea,41.9,57.8,18.3,5.77,14.7,44.1,243.7,Sprinkler,1.11
Chickpea,27.2,42.2,26.7,5.7,15.3,60.0,373.7,Rainfed,0.77
Chickpea,41.2,51.3,28.3,6.85,27.8,29.7,54.3,Rainfed,0.6
Chickpea,45.2,36.7,27.2,5.81,28.8,66.3,307.4,Sprinkler,1.07
Chickpea,22.9,49.3,27.6,5.76,13.7,68.1,582.7,Drip,1.3
Chickpea,26.2,39.3,42.3,6.08,14.3,47.1,263.7,Rainfed,0.58
Chickpea,23.2,43.0,36.8,6.45,27.7,51.8,500.0,Rainfed,0.92
Chickpea,49.8,66.7,41.3,6.48,22.1,37.9,648.1,Drip,1.31
Chickpea,26.4,54.3,44.8,4.0,18.0,40.7,586.8,Flood,0.95
Chickpea,20.8,71.0,42.2,6.31,17.4,33.7,94.2,Rainfed,0.54
Chickpea,32.3,66.3,47.5,6.64,15.3,45.1,321.9,Drip,1.3
Chickpea,33.3,48.4,26.6,4.29,17.9,60.2,368.1,Drip,1.27
Chickpea,38.1,71.6,29.9,7.22,38.1,56.1,337.2,Rainfed,0.83
Chickpea,48.4,83.8,19.7,6.82,18.9,39.0,543.5,Sprinkler,1.28
Chickpea,34.7,71.0,25.8,6.68,16.4,45.1,502.8,Rainfed,1.0
Chickpea,44.3,66.3,39.0,6.58,26.3,29.7,112.9,Rainfed,0.68
Chickpea,10.7,23.8,6.4,6.88,27.6,52.6,448.9,Flood,1.01
Chickpea,21.9,45.6,30.2,6.46,20.4,61.7,434.5,Sprinkler,1.19
Chickpea,26.4,71.6,36.0,6.64,28.4,39.7,769.9,Sprinkler,1.23
Chickpea,41.4,73.4,32.1,6.85,14.2,33.6,737.7,Drip,1.31
Chickpea,20.0,49.9,34.6,6.89,26.7,32.6,85.7,Rainfed,0.63
Chickpea,53.4,55.0,30.4,5.71,24.7,31.2,542.5,Flood,1.19
Chickpea,27.9,75.1,26.4,7.24,24.6,36.8,783.1,Drip,1.25
Chickpea,11.2,18.2,6.5,7.03,23.9,46.0,475.1,Flood,1.0
Chickpea,21.6,74.8,42.0,7.08,15.9,40.7,475.9,Drip,1.37
Chickpea,39.9,45.8,48.9,6.1,28.1,68.7,676.3,Rainfed,0.85
Chickpea,25.8,44.6,28.3,5.71,26.0,40.7,729.1,Sprinkler,1.15
Chickpea,28.0,41.9,34.9,4.17,26.4,41.5,619.2,Flood,1.01
Chickpea,26.5,73.4,47.1,7.55,27.9,46.3,829.1,Sprinkler,0.99
Chickpea,45.5,73.4,19.3,7.3,27.7,56.9,415.1,Sprinkler,1.21
Chickpea,38.4,58.5,29.5,6.58,23.3,23.5,77.1,Rainfed,0.72
Chickpea,43.1,41.2,19.3,7.53,26.9,42.7,542.7,Drip,1.32
Chickpea,19.8,73.6,36.0,6.29,29.4,69.4,392.6,Flood,1.1
Chickpea,36.7,69.2,45.6,6.71,22.1,42.7,708.5,Flood,1.23
Chickpea,34.0,37.8,17.2,6.81,20.9,61.8,565.6,Rainfed,1.07
Chickpea,31.6,41.3,21.7,7.19,20.2,68.5,435.4,Rainfed,0.93
Chickpea,29.4,71.0,33.0,6.2,18.0,27.8,91.3,Rainfed,0.69
Chickpea,52.4,60.2,28.5,7.79,19.8,47.1,725.5,Drip,1.19
Chickpea,20.5,41.3,17.2,5.72,20.2,62.4,592.2,Sprinkler,1.2
Chickpea,51.4,76.4,23.3,6.95,24.1,51.1,528.5,Drip,1.41
Chickpea,22.3,59.1,36.7,7.41,26.1,51.2,673.0,Rainfed,1.04
Chickpea,33.6,77.8,23.4,6.87,26.7,66.2,770.4,Sprinkler,1.17
Chickpea,33.0,58.5,48.5,7.65,30.0,35.5,750.1,Rainfed,0.86
Chickpea,39.8,85.9,32.8,7.2,28.1,49.8,754.2,Sprinkler,1.06
Chickpea,21.4,54.6,42.5,7.63,17.8,44.2,332.4,Flood,1.04
Chickpea,39.4,38.6,42.4,6.96,25.6,66.0,710.4,Flood,1.13
Chickpea,57.1,64.4,20.8,6.66,28.0,31.1,274.1,Drip,1.23
Chickpea,21.3,72.3,28.2,6.26,25.4,52.4,457.4,Sprinkler,1.35
Chickpea,49.2,46.0,22.5,7.34,26.4,37.3,309.7,Flood,1.01
Chickpea,22.0,60.5,17.7,6.52,14.4,49.0,493.0,Sprinkler,1.29
Chickpea,42.7,52.9,37.9,6.55,35.5,51.9,680.3,Rainfed,0.86
Chickpea,54.6,44.5,26.2,7.17,31.1,58.4,506.9,Drip,1.32
Chickpea,41.6,51.3,34.7,5.97,21.6,33.6,269.5,Flood,1.13
Chickpea,30.8,45.0,21.1,7.32,15.2,36.8,622.0,Rainfed,0.84
Chickpea,46.3,41.6,25.2,6.9,31.8,32.9,480.3,Drip,1.36
Chickpea,52.6,41.9,43.5,7.13,23.3,62.4,629.0,Flood,1.09
Chickpea,40.9,79.5,24.5,6.72,31.3,48.9,391.7,Sprinkler,1.22
Chickpea,24.4,40.4,19.1,5.74,29.7,62.4,580.7,Rainfed,0.85
Chickpea,43.5,58.3,22.3,6.78,16.0,45.9,805.6,Drip,1.3
Chickpea,24.8,44.3,51.4,6.21,28.9,48.8,501.0,Drip,1.27
Chickpea,52.7,47.6,20.3,5.99,28.1,47.4,319.1,Drip,1.24
Chickpea,24.1,42.3,31.3,5.86,27.4,46.1,445.8,Sprinkler,1.21
Chickpea,40.1,75.9,38.9,7.35,26.2,37.7,271.4,Rainfed,0.63
Chickpea,57.2,78.7,27.6,6.33,22.2,46.2,462.7,Sprinkler,1.29
Chickpea,39.2,68.5,28.7,4.71,17.6,44.3,308.1,Sprinkler,1.06
Chickpea,41.9,46.1,36.3,7.4,17.9,53.2,443.6,Sprinkler,1.25
Chickpea,31.2,86.0,36.6,7.43,26.8,64.1,344.3,Drip,1.36
Chickpea,41.7,71.8,20.6,4.54,24.2,44.6,609.0,Flood,1.01
Chickpea,28.0,47.9,43.9,6.69,18.1,37.7,69.9,Rainfed,0.67
Chickpea,32.2,51.6,20.7,6.67,24.8,59.5,407.0,Rainfed,1.01
Chickpea,43.8,62.8,26.5,7.37,16.3,66.2,811.6,Sprinkler,1.17
Chickpea,18.2,82.1,32.0,6.13,23.6,38.8,363.6,Sprinkler,1.17
Chickpea,40.2,86.1,46.9,5.72,14.0,54.4,615.8,Flood,0.91
Chickpea,49.8,82.2,25.2,6.83,16.0,49.9,294.1,Rainfed,0.68
Chickpea,51.6,86.2,23.3,7.16,29.9,53.0,623.8,Sprinkler,1.06
Chickpea,21.2,34.4,18.9,6.1,21.7,30.8,333.6,Flood,1.13
Chickpea,49.0,82.2,21.1,6.04,19.3,66.6,705.3,Drip,1.22
Chickpea,38.5,83.2,36.9,7.64,20.5,55.3,776.3,Sprinkler,1.11
Chickpea,46.0,80.1,20.1,6.41,20.6,66.4,813.6,Drip,1.19
Chickpea,26.3,53.0,40.2,4.32,28.2,36.6,676.4,Drip,1.12
Chickpea,27.7,50.9,27.8,7.06,14.2,49.6,320.3,Flood,1.1
Chickpea,43.6,63.0,31.7,7.45,38.3,54.3,448.7,Drip,1.18
Chickpea,31.8,50.7,30.2,4.69,21.4,42.9,604.4,Drip,1.34
Chickpea,45.5,50.7,49.1,5.94,19.0,31.2,402.8,Drip,1.35
Chickpea,34.1,42.7,26.5,5.14,16.7,44.2,314.3,Flood,0.99
Chickpea,25.0,62.2,23.4,6.62,28.2,48.5,329.2,Flood,1.1
Chickpea,34.4,55.9,41.3,7.06,33.2,43.9,648.4,Flood,1.14
Chickpea,54.9,46.4,23.6,6.98,24.3,50.4,242.6,Sprinkler,1.2
Chickpea,30.6,84.6,29.4,5.99,20.6,49.8,617.7,Sprinkler,1.22
Chickpea,29.6,85.6,27.3,7.58,18.8,33.8,388.6,Drip,1.31
Chickpea,44.3,82.7,46.0,6.92,25.8,55.0,639.8,Drip,1.41
Chickpea,34.8,59.3,25.0,4.95,20.4,63.7,697.5,Sprinkler,1.08
Chickpea,51.4,41.2,18.1,7.66,15.8,62.4,733.9,Flood,0.93
Chickpea,34.2,55.6,32.4,5.87,29.9,64.8,838.7,Sprinkler,1.08
Chickpea,25.2,68.9,39.6,7.59,28.8,67.5,761.3,Flood,0.91
Chickpea,10.7,10.4,8.5,7.4,17.2,47.6,664.6,Drip,1.1
Chickpea,31.7,68.2,44.5,6.58,27.7,64.7,693.5,Rainfed,0.91
Chickpea,29.7,59.7,24.0,7.19,23.2,65.9,726.3,Drip,1.27
Chickpea,47.4,44.1,18.1,7.49,15.6,65.6,788.2,Sprinkler,1.01
Chickpea,50.4,38.1,37.2,7.04,13.0,69.2,483.9,Sprinkler,1.24
Chickpea,34.0,65.3,32.4,6.65,21.2,50.1,446.8,Rainfed,1.11
Chickpea,26.2,80.8,28.9,6.35,26.8,42.2,271.8,Sprinkler,1.19
Chickpea,30.2,66.9,39.9,7.24,30.0,47.3,339.9,Drip,1.38
Chickpea,41.0,54.8,38.8,7.11,15.6,36.9,94.9,Rainfed,0.6
Chickpea,56.1,53.7,37.5,6.0,14.3,47.3,653.9,Sprinkler,1.14
Chickpea,46.6,38.0,44.7,7.63,14.1,46.1,833.0,Sprinkler,0.96
Chickpea,24.2,63.5,32.3,5.97,21.8,36.6,678.4,Rainfed,1.05
Chickpea,22.6,84.7,21.5,5.93,21.7,56.4,453.0,Drip,1.31
Chickpea,31.7,44.2,29.7,6.15,22.9,56.7,719.7,Drip,1.34
Chickpea,32.5,38.9,30.9,6.14,25.9,44.6,328.2,Drip,1.34
Chickpea,42.2,51.2,22.6,4.86,19.5,40.0,359.1,Rainfed,0.84
Chickpea,22.9,50.2,36.5,6.15,23.4,38.6,384.6,Rainfed,0.98
Chickpea,41.7,69.0,26.9,4.82,27.9,49.4,472.0,Flood,1.0
Chickpea,20.2,83.1,36.1,7.35,25.5,50.6,293.8,Sprinkler,1.06
Chickpea,35.4,67.1,25.5,6.09,23.2,55.7,397.7,Rainfed,1.01
Chickpea,45.7,59.3,21.2,7.46,27.4,23.3,114.5,Rainfed,0.55
Chickpea,32.1,58.1,46.0,7.08,14.1,68.3,328.7,Flood,1.04
Chickpea,32.6,62.9,32.6,7.09,22.2,27.2,75.4,Rainfed,0.72
Chickpea,36.0,45.2,49.5,7.37,14.1,70.0,657.0,Drip,1.29
Chickpea,26.7,47.4,27.7,6.96,16.3,34.2,647.3,Flood,1.07
Chickpea,31.7,56.6,30.5,7.72,27.6,38.3,470.5,Sprinkler,1.26
Chickpea,48.1,60.4,46.7,7.28,27.8,68.3,399.9,Drip,1.41
Chickpea,48.3,82.4,19.2,7.02,15.7,50.2,333.4,Drip,1.19
Chickpea,23.8,83.2,28.1,6.4,29.0,55.9,666.1,Sprinkler,1.14
Chickpea,25.4,85.7,45.9,6.94,25.6,56.0,275.0,Drip,1.28
Chickpea,47.9,61.4,17.5,7.25,26.9,36.6,814.0,Drip,1.23
Chickpea,21.6,65.5,30.0,6.44,28.7,30.4,718.8,Sprinkler,1.17
Chickpea,39.5,50.8,29.3,4.1,27.9,52.8,333.5,Drip,1.21
Chickpea,52.1,81.5,24.6,7.45,26.5,68.5,582.8,Drip,1.34
Chickpea,38.0,53.1,29.4,6.2,38.6,57.5,300.5,Drip,1.29
Chickpea,21.1,53.0,19.9,6.68,29.0,40.8,698.9,Drip,1.32
Chickpea,53.5,60.4,28.0,7.58,13.6,31.1,599.9,Flood,1.02
Chickpea,20.2,83.7,41.4,7.69,19.3,57.8,756.0,Sprinkler,1.08
Chickpea,28.6,41.1,43.4,7.65,24.4,55.4,697.8,Drip,1.27
Chickpea,31.8,66.8,33.3,6.68,26.4,69.8,635.4,Flood,1.18
Chickpea,46.5,45.2,32.7,4.78,22.8,61.7,695.8,Sprinkler,1.1
Potato,203.1,83.1,88.9,6.66,23.2,85.1,457.4,Sprinkler,13.9
Potato,182.7,87.9,152.2,5.72,27.0,70.3,415.6,Sprinkler,14.92
Potato,188.4,85.7,130.1,6.73,24.2,78.0,841.6,Sprinkler,14.44
Potato,165.5,109.3,99.7,4.38,23.9,65.9,619.2,Drip,15.59
Potato,167.7,86.0,113.7,6.75,12.8,85.9,865.3,Sprinkler,12.86
Potato,98.6,95.6,139.2,6.94,23.7,77.5,394.8,Sprinkler,13.83
Potato,166.9,78.0,108.0,6.6,31.1,81.7,650.7,Sprinkler,14.14
Potato,169.5,85.7,82.1,5.46,16.8,79.5,392.8,Flood,14.13
Potato,107.7,105.3,137.9,6.5,14.8,60.5,471.3,Sprinkler,15.16
Potato,92.2,51.9,141.1,5.37,17.0,74.1,385.5,Sprinkler,14.78
Potato,162.2,114.0,85.9,6.93,20.0,87.3,452.9,Sprinkler,15.63
Potato,145.3,119.9,107.4,5.23,21.1,76.8,601.0,Sprinkler,16.13
Potato,174.4,59.4,90.2,7.04,22.9,87.0,514.5,Flood,12.5
Potato,161.5,87.3,154.4,6.7,24.8,83.1,632.4,Sprinkler,15.81
Potato,144.8,69.6,121.0,5.04,22.4,66.8,486.8,Rainfed,12.29
Potato,187.4,108.3,130.6,7.01,14.9,88.0,576.9,Sprinkler,14.8
Potato,40.6,35.9,46.9,6.74,17.8,84.8,582.2,Flood,12.64
Potato,154.7,99.9,92.3,6.3,31.7,62.3,445.3,Flood,12.5
Potato,91.6,71.7,145.5,6.91,12.4,55.0,484.0,Flood,11.93
Potato,159.5,78.0,139.3,5.59,32.2,61.1,554.2,Flood,14.21
Potato,193.8,56.4,155.3,4.92,12.8,67.7,932.2,Rainfed,8.97
Potato,126.1,108.3,114.4,6.57,23.2,75.2,853.4,Drip,15.99
Potato,117.5,85.2,139.3,6.55,20.8,83.2,600.0,Rainfed,12.62
Potato,196.8,80.3,120.6,5.49,21.9,89.8,336.3,Flood,13.99
Potato,154.5,83.3,88.5,5.11,24.5,75.3,441.5,Rainfed,11.43
Potato,100.5,119.5,129.7,6.47,12.5,66.0,491.2,Rainfed,11.43
Potato,103.4,69.9,103.7,6.43,22.7,83.8,766.7,Rainfed,12.13
Potato,137.8,69.6,87.0,6.34,23.7,36.3,65.9,Rainfed,7.75
Potato,205.7,83.7,130.2,6.57,23.0,88.9,393.5,Sprinkler,14.77
Potato,204.3,89.7,154.8,5.73,18.3,63.9,843.7,Rainfed,11.64
Potato,91.8,112.6,132.8,7.0,15.8,57.5,635.2,Drip,15.53
Potato,111.3,108.4,115.3,5.82,15.9,36.5,100.6,Rainfed,7.84
Potato,117.3,56.0,122.3,5.45,22.6,80.3,532.5,Flood,14.8
Potato,120.0,107.1,146.8,6.59,20.2,36.2,145.7,Rainfed,7.42
Potato,161.9,125.2,139.7,7.04,12.9,59.9,608.9,Sprinkler,13.82
Potato,123.4,83.4,96.7,6.09,12.9,60.2,797.3,Drip,17.02
Potato,107.5,81.9,81.6,5.62,32.2,62.3,755.3,Flood,13.07
Potato,166.7,67.6,130.2,6.87,17.3,62.4,814.2,Drip,15.4
Potato,97.3,71.2,110.9,4.85,25.1,73.0,696.4,Sprinkler,13.95
Potato,185.2,101.7,119.3,6.58,19.4,58.9,394.5,Rainfed,9.71
Potato,119.7,81.5,125.8,5.29,22.1,37.2,109.7,Rainfed,7.5
Potato,95.6,74.2,162.1,6.08,23.1,75.1,444.3,Sprinkler,15.24
Potato,101.9,112.7,126.0,4.71,19.8,68.8,509.7,Flood,13.67
Potato,195.9,119.9,80.0,5.8,12.0,72.7,911.5,Drip,14.59
Potato,163.6,63.1,92.9,5.81,14.8,75.5,630.1,Sprinkler,16.2
Potato,168.1,91.8,89.9,6.17,16.1,30.3,68.7,Rainfed,7.33
Potato,173.5,79.4,149.2,6.37,28.5,76.5,508.3,Rainfed,11.18
Potato,118.8,51.0,158.4,6.67,13.8,68.1,743.3,Flood,13.1
Potato,102.1,83.5,78.2,5.64,12.2,86.4,657.3,Flood,13.43
Potato,132.2,66.5,74.8,4.89,23.4,70.6,784.8,Flood,12.24
Potato,160.4,96.1,106.5,5.14,28.1,67.2,403.7,Rainfed,9.81
Potato,173.3,65.4,93.6,6.78,14.2,72.7,606.4,Rainfed,11.33
Potato,165.9,122.3,115.0,6.5,21.7,71.6,351.9,Flood,12.68
Potato,179.4,123.7,94.8,6.71,21.1,89.4,925.6,Rainfed,10.08
Potato,85.9,107.0,96.4,6.39,26.7,56.4,682.9,Flood,12.55
Potato,135.8,62.4,93.2,5.12,16.1,70.3,447.3,Rainfed,11.16
Potato,154.6,64.6,143.6,5.88,18.3,43.9,98.2,Rainfed,8.8
Potato,117.2,101.4,144.7,6.14,28.6,82.4,717.0,Flood,13.93
Potato,163.9,66.9,95.6,6.04,29.6,76.5,643.2,Flood,13.13
Potato,137.7,120.9,120.6,5.53,26.6,69.9,468.0,Drip,15.6
Potato,176.9,81.9,154.4,6.01,16.8,81.0,797.4,Sprinkler,15.88
Potato,187.4,105.3,161.7,5.06,17.8,71.2,510.5,Flood,13.61
Potato,135.3,122.1,122.0,5.95,21.0,64.4,565.4,Sprinkler,17.15
Potato,86.3,125.1,119.5,6.95,20.2,76.2,775.6,Drip,15.83
Potato,149.3,101.8,155.3,5.14,21.2,56.8,385.4,Flood,13.65
Potato,164.2,99.2,81.5,5.69,28.4,79.8,694.9,Sprinkler,14.46
Potato,116.8,106.1,142.9,5.8,22.3,70.6,534.7,Sprinkler,16.18
Potato,159.2,107.9,144.8,4.75,22.3,70.8,655.4,Sprinkler,15.36
Potato,186.4,99.8,126.9,5.6,14.1,88.6,615.6,Sprinkler,15.64
Potato,182.2,109.5,70.3,5.96,12.8,74.3,779.8,Drip,15.77
Potato,139.8,112.3,123.8,5.51,17.0,86.4,609.8,Sprinkler,16.7
Potato,177.8,67.7,111.2,5.17,26.3,75.9,802.8,Flood,12.47
Potato,200.8,53.4,169.9,6.79,17.7,84.3,791.4,Flood,12.62
Potato,57.6,25.5,27.0,6.31,17.6,75.7,687.6,Sprinkler,12.85
Potato,141.5,62.1,105.3,6.76,12.6,60.3,400.1,Sprinkler,14.67
Potato,145.3,125.8,72.6,5.26,17.9,70.7,909.7,Sprinkler,14.92
Potato,133.3,108.3,121.9,4.76,21.8,79.3,654.0,Flood,14.08
Potato,59.8,29.9,40.7,6.71,15.7,72.4,632.2,Sprinkler,13.18
Potato,169.6,81.2,111.3,5.37,21.4,67.6,851.8,Rainfed,11.72
Potato,204.2,110.1,128.7,4.76,24.4,61.2,355.6,Flood,11.5
Potato,100.7,80.2,76.9,6.23,16.2,85.3,549.0,Sprinkler,15.81
Potato,174.8,69.3,120.6,6.66,17.7,59.7,596.4,Sprinkler,15.95
Potato,152.0,70.0,120.8,6.22,25.0,60.8,436.5,Rainfed,11.73
Potato,188.0,106.6,161.7,5.47,13.3,57.0,865.4,Flood,11.79
Potato,126.4,79.7,168.1,4.85,23.6,65.8,345.0,Flood,13.21
Potato,150.2,109.7,128.7,5.39,23.0,75.6,328.1,Rainfed,7.99
Potato,191.0,117.6,114.5,5.92,18.2,70.7,892.9,Flood,13.84
Potato,157.7,110.3,148.4,5.54,17.6,80.3,640.0,Sprinkler,15.71
Potato,179.9,71.5,83.3,5.4,19.6,67.0,683.8,Drip,16.32
Potato,136.5,72.5,162.5,5.14,22.2,87.4,664.7,Flood,14.28
Potato,162.8,101.7,99.4,5.84,19.1,44.9,154.4,Rainfed,8.06
Potato,129.4,116.9,85.8,5.23,17.2,87.4,642.4,Sprinkler,15.88
Potato,108.0,67.8,151.9,6.84,19.4,67.5,837.0,Flood,13.14
Potato,155.0,124.8,158.5,4.84,22.9,66.8,756.5,Sprinkler,13.79
Potato,189.1,104.5,161.0,5.38,17.2,76.8,938.5,Sprinkler,13.72
Potato,182.7,106.0,168.8,6.58,16.5,77.4,750.2,Rainfed,10.7
Potato,112.4,89.5,89.5,6.18,22.8,30.8,111.7,Rainfed,8.06
Potato,171.3,105.7,109.3,6.18,15.8,70.9,652.6,Rainfed,12.68
Potato,128.6,51.1,152.0,6.83,26.5,80.2,671.2,Drip,16.09
Potato,86.2,67.6,137.5,6.85,22.3,69.5,551.4,Flood,14.01
Potato,159.1,73.0,164.7,6.02,23.9,62.5,540.2,Flood,14.46
Potato,176.7,72.3,90.9,6.92,20.6,58.7,443.5,Rainfed,10.98
Potato,118.5,81.5,130.0,5.24,22.1,41.4,121.7,Rainfed,7.9
Potato,204.4,122.9,109.4,6.18,25.4,84.1,626.8,Drip,15.98
Potato,157.9,64.1,121.4,5.87,24.8,41.2,100.0,Rainfed,7.63
Potato,94.1,77.3,91.6,6.43,19.4,81.3,649.8,Drip,18.1
Potato,186.7,119.2,127.8,6.51,23.3,60.5,425.1,Drip,15.55
Potato,137.6,105.8,140.5,5.19,12.9,74.1,768.2,Rainfed,10.04
Potato,194.4,79.8,140.0,6.14,12.8,57.7,333.3,Sprinkler,13.69
Potato,120.2,111.2,151.4,6.56,19.9,65.0,838.0,Drip,16.66
Potato,107.4,101.9,139.7,6.27,18.2,58.5,903.1,Sprinkler,15.77
Potato,132.4,71.4,97.1,6.61,19.8,32.1,125.8,Rainfed,7.3
Potato,98.7,113.9,129.0,5.05,16.5,71.9,762.4,Drip,16.81
Potato,190.3,116.6,117.2,7.04,13.1,55.1,563.6,Sprinkler,14.12
Potato,143.1,60.4,85.8,6.75,25.0,78.6,745.1,Sprinkler,14.4
Potato,150.5,52.4,167.6,6.73,15.9,76.6,910.9,Drip,14.12
Potato,140.7,82.0,155.3,5.61,13.0,57.3,347.4,Sprinkler,14.43
Potato,168.8,70.3,130.8,6.34,19.0,66.8,716.3,Rainfed,12.68
Potato,132.8,86.1,76.0,6.03,16.9,59.2,618.4,Drip,18.24
Potato,116.6,87.0,99.5,5.89,18.8,26.7,127.0,Rainfed,8.57
Potato,163.8,96.6,92.2,4.28,20.3,67.4,568.9,Drip,17.02
Potato,135.5,79.2,124.1,5.79,25.3,79.4,895.1,Flood,14.38
Potato,162.6,123.7,84.5,4.83,20.7,89.4,587.3,Drip,17.79
Potato,172.2,124.6,161.7,5.4,16.9,68.0,572.5,Drip,16.88
Potato,129.6,117.4,164.9,4.76,26.8,79.9,653.1,Sprinkler,12.71
Potato,96.3,97.9,96.8,4.74,20.3,75.2,593.0,Drip,17.04
Potato,159.6,59.7,121.4,5.89,12.9,76.2,837.3,Flood,13.77
Potato,200.5,56.4,118.8,6.13,15.7,82.0,721.2,Drip,16.39
Potato,145.0,65.8,172.1,6.85,16.4,73.9,522.6,Flood,13.48
Potato,145.8,80.9,166.1,5.92,19.0,78.5,487.2,Drip,18.91
Potato,167.8,113.4,96.3,6.01,26.6,66.2,422.7,Sprinkler,14.15
Potato,205.9,93.9,149.0,6.76,22.5,56.5,420.9,Drip,15.18
Potato,131.4,72.1,84.5,5.95,17.0,79.9,403.2,Rainfed,12.8
Potato,110.5,126.1,148.8,6.44,17.4,74.1,738.5,Sprinkler,15.37
Potato,95.1,77.9,113.4,5.33,14.6,59.9,554.5,Sprinkler,15.95
Potato,119.8,101.3,101.9,5.49,23.9,21.2,122.7,Rainfed,8.29
Potato,107.9,65.8,132.1,5.49,20.9,42.9,84.8,Rainfed,7.76
Potato,50.2,34.9,22.0,5.61,16.1,64.5,528.4,Rainfed,10.12
Potato,120.7,64.3,99.2,5.17,31.0,71.0,469.6,Rainfed,9.9
Potato,174.5,55.8,130.0,6.99,15.9,86.8,928.1,Drip,13.73
Potato,114.1,106.7,151.3,5.29,22.7,83.4,549.5,Drip,16.99
Potato,185.4,83.9,124.1,5.37,14.4,71.9,616.6,Sprinkler,15.28
Potato,158.7,96.7,81.4,7.09,23.6,85.7,585.2,Sprinkler,14.26
Potato,195.2,63.4,77.0,6.47,16.1,76.8,765.3,Drip,15.74
Potato,152.1,116.6,147.8,6.78,12.3,63.5,377.6,Sprinkler,13.41
Potato,124.9,76.6,161.6,5.72,23.8,63.3,927.2,Sprinkler,15.19
Potato,95.9,88.2,162.2,6.8,12.7,65.6,603.7,Drip,15.43
Potato,165.9,87.4,145.2,7.01,13.7,79.8,467.4,Sprinkler,14.54
Potato,125.6,77.1,143.0,6.34,33.8,75.0,496.7,Rainfed,11.22
Potato,126.5,59.5,120.2,4.76,14.2,63.2,746.0,Sprinkler,14.34
Potato,153.9,60.5,147.0,6.41,15.2,76.2,642.1,Drip,17.1
Potato,121.7,70.7,161.1,5.43,21.8,80.9,824.7,Rainfed,10.97
Potato,165.2,118.6,162.7,7.04,23.6,61.8,774.3,Drip,14.43
Potato,126.3,104.8,127.7,4.96,20.4,78.1,884.2,Drip,15.95
Potato,169.5,53.6,89.3,5.22,22.0,65.0,703.7,Rainfed,11.16
Potato,109.5,52.2,98.3,5.59,20.5,88.0,926.6,Drip,16.75
Potato,90.2,99.9,80.3,6.97,25.0,55.8,820.6,Sprinkler,14.5
Potato,192.9,108.9,128.1,6.68,26.8,65.5,395.8,Flood,12.0
Potato,99.2,83.6,74.5,6.56,26.2,72.5,582.1,Rainfed,11.97
Potato,160.1,122.1,167.4,6.69,14.9,66.7,632.2,Rainfed,10.06
Potato,204.2,125.3,130.6,6.81,27.0,84.7,740.4,Flood,11.8
Potato,139.5,104.2,85.5,5.1,16.6,35.8,78.6,Rainfed,7.3
Potato,129.5,94.8,129.9,6.64,33.3,67.0,657.4,Drip,15.24
Potato,183.5,85.5,156.5,7.07,13.1,56.6,415.7,Sprinkler,12.93
Potato,102.9,71.2,143.4,5.98,30.6,70.4,755.3,Drip,14.81
Potato,156.7,62.0,83.6,6.09,21.1,76.6,548.8,Rainfed,12.59
Potato,150.1,59.0,151.3,6.99,12.9,68.7,632.0,Drip,15.54
Potato,166.9,96.2,88.1,5.23,12.7,63.4,541.1,Flood,13.83
Potato,177.1,84.2,150.0,7.04,15.6,85.2,718.0,Flood,12.56
Potato,114.4,79.3,96.7,6.51,33.2,69.3,523.0,Rainfed,11.97
Potato,174.2,79.2,90.6,5.32,21.4,70.2,462.5,Rainfed,12.01
Potato,131.0,101.7,106.7,6.48,17.7,71.0,646.2,Rainfed,11.6
Potato,140.8,79.1,122.3,6.26,31.6,83.0,651.2,Rainfed,11.91
Potato,141.6,75.8,110.3,6.67,20.9,89.9,823.6,Drip,16.7
Potato,126.0,114.7,70.9,5.25,25.6,77.4,465.2,Drip,15.42
Potato,179.1,112.5,122.2,6.89,16.9,60.5,773.6,Sprinkler,13.57
Potato,94.9,114.7,98.6,6.27,12.6,76.3,779.1,Sprinkler,14.2
Potato,124.5,70.1,97.1,6.98,17.4,55.1,820.3,Flood,12.47
Potato,149.3,80.8,115.2,6.26,30.8,64.8,608.2,Rainfed,12.22
Potato,111.7,100.2,148.0,5.56,24.0,67.2,805.2,Drip,17.03
Potato,203.3,125.1,97.4,5.76,12.9,85.6,683.9,Sprinkler,13.51
Potato,118.0,96.4,165.2,6.76,18.9,83.9,590.8,Drip,17.58
Potato,122.1,75.4,171.4,5.02,23.4,87.8,647.5,Drip,16.06
Potato,181.4,84.1,113.1,6.04,20.7,85.0,517.3,Flood,15.1
Potato,121.7,73.3,105.7,6.19,15.5,87.2,687.9,Rainfed,12.25
Potato,118.3,104.2,137.7,4.1,16.5,79.2,594.4,Drip,15.59
Potato,200.2,104.5,112.1,5.72,25.8,75.2,772.1,Sprinkler,15.0
Potato,146.2,98.1,89.8,6.61,26.2,86.2,525.7,Sprinkler,14.63
Potato,157.6,92.4,164.8,5.99,19.7,56.5,364.4,Drip,17.47
Potato,188.1,97.0,131.7,5.41,24.5,60.8,354.0,Drip,16.02
Potato,119.4,101.6,90.8,6.32,13.4,60.2,645.6,Rainfed,12.5
Potato,161.0,62.1,124.8,5.63,18.6,73.3,402.2,Sprinkler,16.56
Potato,152.7,96.6,82.8,4.73,21.6,60.5,737.5,Drip,17.02
Potato,159.0,66.1,103.9,6.73,13.3,85.0,629.6,Flood,13.53
Potato,126.3,107.7,150.0,5.25,26.6,58.0,363.8,Sprinkler,13.65
Potato,120.3,83.7,119.0,4.85,19.3,69.9,776.0,Sprinkler,15.6
Potato,120.1,68.9,126.0,5.19,21.2,75.2,564.0,Sprinkler,16.45
Potato,159.7,63.9,172.1,5.97,24.6,60.2,746.3,Rainfed,11.11
Potato,120.2,60.6,98.9,5.55,22.6,61.3,387.9,Sprinkler,16.4
Potato,193.5,72.8,123.2,5.58,12.0,75.3,842.1,Drip,14.97
Potato,34.1,6.4,29.2,5.74,22.5,70.1,673.4,Sprinkler,12.45
Potato,121.0,119.4,114.1,5.4,20.8,59.8,679.4,Drip,17.45
Potato,149.7,90.3,139.5,4.81,18.9,70.5,614.3,Rainfed,12.58
Potato,147.4,108.6,84.4,6.53,13.1,71.9,794.9,Drip,15.31
Potato,105.4,111.3,117.0,6.34,25.8,69.3,469.1,Flood,13.6
Potato,167.3,65.8,83.9,5.31,17.9,60.6,830.6,Sprinkler,14.37
Potato,187.8,119.6,98.8,6.08,16.8,64.0,708.5,Flood,13.83
Potato,131.2,61.5,145.2,6.71,24.4,43.6,139.7,Rainfed,7.17
Potato,188.0,96.3,82.0,5.64,26.6,67.3,875.4,Drip,14.49
Potato,30.8,28.7,8.5,5.07,17.6,78.2,608.7,Rainfed,9.0
Potato,130.7,66.7,143.3,6.65,14.1,72.0,479.2,Drip,16.44
Potato,58.3,31.3,42.8,5.83,20.9,69.4,431.1,Flood,13.49
Potato,105.9,98.6,130.3,4.86,16.0,68.7,476.7,Drip,15.52
Potato,201.7,100.9,128.8,6.73,21.5,60.8,521.4,Flood,14.88
Potato,205.4,98.3,162.0,4.83,20.5,87.2,503.8,Drip,16.32
Potato,134.8,108.3,93.7,5.06,18.7,74.4,519.0,Rainfed,11.84
Potato,201.3,74.5,100.3,5.86,19.7,55.0,714.2,Rainfed,12.93
Potato,135.8,86.5,118.1,4.21,22.5,73.9,508.1,Flood,12.74
Potato,125.9,91.3,115.3,4.79,15.9,62.5,875.2,Sprinkler,13.89
Potato,142.4,118.6,126.5,5.4,23.1,72.7,423.8,Sprinkler,15.02
Potato,187.8,95.3,107.4,4.91,19.0,81.3,550.6,Drip,16.63
Potato,149.3,65.8,139.0,6.79,18.0,31.3,128.3,Rainfed,7.98
Potato,194.1,55.3,85.7,6.51,22.3,59.7,641.3,Flood,13.8
Potato,113.6,89.5,92.3,4.82,19.4,62.7,765.0,Flood,13.66
Potato,149.1,118.2,68.3,5.38,20.1,61.2,901.0,Sprinkler,15.42
Potato,153.2,51.2,106.2,5.03,22.3,71.8,513.1,Sprinkler,15.23
Potato,101.2,65.8,97.5,6.47,19.1,43.0,136.8,Rainfed,8.36
Potato,142.9,109.5,129.1,5.38,18.5,28.4,87.8,Rainfed,7.87
Potato,156.3,53.9,159.7,5.41,27.0,88.4,921.9,Flood,12.03
Potato,148.9,62.0,147.9,5.1,18.2,72.9,586.4,Drip,16.8
Potato,126.0,108.4,167.4,6.25,22.2,58.6,623.5,Flood,14.9
Potato,112.2,72.4,112.7,5.0,25.7,80.9,553.6,Drip,16.07
Potato,136.8,68.3,113.0,6.79,13.0,67.9,935.9,Drip,14.94
Potato,173.4,72.3,97.1,4.98,15.2,65.6,601.5,Sprinkler,15.75
Potato,85.7,61.1,98.6,6.59,25.3,76.6,565.3,Flood,13.11
Potato,97.8,53.6,146.4,5.98,17.0,70.3,932.9,Sprinkler,13.72
Potato,151.8,60.6,103.3,4.47,19.1,67.5,666.8,Rainfed,12.25
Potato,172.5,52.4,79.0,5.56,14.3,57.6,730.2,Flood,14.23
Potato,184.7,101.3,144.8,5.35,26.9,61.4,457.3,Drip,15.67
Potato,203.4,103.5,166.7,5.46,17.0,84.9,415.9,Rainfed,11.56
Potato,198.0,76.4,142.8,5.86,21.4,72.7,939.0,Flood,13.54
Potato,130.3,58.7,162.0,5.39,15.9,87.2,835.5,Drip,15.86
Potato,196.4,56.9,154.2,6.01,22.0,72.2,766.6,Drip,15.78
Potato,123.3,85.3,112.8,6.55,19.2,82.6,367.0,Drip,17.41
Potato,200.5,56.6,72.5,5.08,21.6,69.0,848.4,Drip,14.48
Potato,168.6,60.4,166.6,5.52,22.7,73.3,462.6,Flood,13.09
Potato,133.3,95.4,94.9,6.36,16.6,84.5,459.1,Drip,17.06
Potato,109.9,108.6,93.2,6.4,20.7,89.5,959.9,Flood,12.72
Potato,132.1,107.9,168.0,4.76,20.1,62.6,677.0,Sprinkler,15.94
Potato,152.4,114.9,101.4,5.75,19.1,64.8,563.1,Sprinkler,18.19
Potato,162.6,77.6,101.0,6.17,14.0,63.9,347.0,Drip,16.79
Potato,41.4,29.7,45.4,6.09,16.8,80.9,465.3,Drip,14.02
Potato,141.8,101.3,138.1,5.17,15.0,71.4,903.4,Drip,16.89
Potato,92.1,82.6,129.0,4.86,14.0,78.2,653.8,Drip,15.82
Potato,196.3,52.2,135.2,4.88,12.1,60.3,590.7,Flood,12.83
Potato,113.6,89.8,151.3,6.7,24.7,66.8,827.8,Drip,14.75
Potato,200.7,52.0,114.0,6.25,22.5,61.2,942.2,Sprinkler,14.01
Potato,168.8,80.7,148.9,7.04,16.1,79.6,914.2,Flood,11.71
Potato,112.3,91.4,126.8,6.38,27.0,56.2,361.7,Drip,15.36
Potato,124.6,85.5,90.5,6.78,20.8,88.1,687.7,Drip,17.71
Potato,158.0,62.5,129.3,4.49,17.4,63.9,736.0,Flood,12.84
Potato,162.7,84.1,170.6,6.77,23.6,64.6,943.2,Flood,12.64
Potato,197.5,63.2,82.5,6.05,12.9,78.2,474.1,Drip,15.4
Potato,156.0,96.1,92.1,5.05,30.4,74.6,682.4,Rainfed,9.47
Potato,128.0,78.6,89.9,7.0,18.8,75.0,610.0,Drip,18.11
Potato,152.7,75.6,98.6,5.11,22.4,82.1,727.9,Rainfed,12.71
Potato,150.1,69.3,86.1,6.68,24.0,82.2,616.5,Flood,14.0
Potato,19.3,10.1,38.9,5.01,15.4,73.4,499.0,Flood,10.67
Potato,106.1,107.7,150.7,5.05,26.0,72.1,722.5,Sprinkler,13.31
Potato,156.0,60.0,141.2,6.39,20.2,58.2,545.7,Drip,17.88
Potato,195.6,51.2,95.9,6.62,12.1,55.4,710.9,Flood,12.66
Potato,192.7,52.0,100.6,5.51,14.5,66.8,695.0,Sprinkler,15.09
Potato,176.4,105.0,97.3,5.48,16.3,59.5,801.8,Drip,16.22
Potato,196.4,87.8,152.1,6.4,23.9,81.8,451.4,Sprinkler,14.72
Potato,126.9,124.3,128.9,5.81,21.9,83.6,572.3,Drip,17.56
Potato,140.1,92.9,128.0,5.04,14.6,73.3,476.4,Rainfed,11.94
Potato,152.4,95.2,99.6,6.24,24.4,89.9,856.6,Sprinkler,15.39
Potato,110.8,70.3,83.6,6.47,18.1,57.2,880.0,Sprinkler,14.25
Potato,127.0,72.9,115.6,5.51,20.2,82.1,751.7,Drip,18.76
Potato,24.2,33.4,24.9,6.16,16.9,63.9,747.8,Sprinkler,12.83
Potato,95.2,93.7,125.7,5.63,24.7,55.2,652.9,Drip,17.39
Potato,103.6,98.6,69.5,6.74,22.8,73.6,787.6,Drip,15.77
Potato,120.5,124.4,157.6,6.46,26.0,67.1,896.6,Drip,14.99
Potato,28.8,9.3,14.1,6.34,15.6,65.6,569.8,Drip,14.03
Potato,104.5,109.8,99.3,5.21,20.4,69.4,909.0,Flood,11.89
Potato,117.6,92.1,152.1,5.45,14.9,71.6,364.2,Flood,13.19
Potato,145.6,73.7,162.5,4.92,25.0,68.2,883.6,Flood,12.53
Potato,176.1,105.4,136.9,6.54,20.6,64.1,903.9,Drip,15.39
Potato,173.9,83.3,70.6,4.86,21.7,88.8,673.2,Sprinkler,14.48
Potato,19.1,35.8,11.0,6.01,21.3,83.4,738.9,Sprinkler,12.55
Potato,57.7,27.8,34.6,6.36,17.5,78.2,493.1,Rainfed,10.37
Potato,121.3,69.9,138.7,6.25,28.7,72.4,586.8,Rainfed,11.5
Potato,166.3,78.6,74.2,6.69,14.6,68.0,704.2,Sprinkler,14.59
Potato,108.1,108.6,90.3,6.38,14.4,75.6,618.7,Rainfed,11.57
Potato,149.4,99.9,141.3,5.92,30.9,75.5,691.7,Drip,16.34
Potato,184.7,105.8,119.1,6.76,13.8,86.8,861.7,Flood,12.28
Potato,151.3,102.0,126.6,5.55,20.5,64.0,601.8,Drip,18.57
Potato,131.5,107.5,86.3,5.72,13.7,59.9,715.2,Sprinkler,15.15
Potato,169.1,68.7,81.3,6.17,14.6,84.5,643.8,Rainfed,10.62
Potato,96.1,121.2,133.4,5.14,20.4,59.7,331.2,Sprinkler,13.6
Groundnut,40.6,42.5,51.7,5.61,29.7,67.2,871.1,Flood,1.49
Groundnut,47.7,62.4,41.7,6.27,28.3,41.7,51.1,Rainfed,0.9
Groundnut,28.9,43.7,26.0,7.29,34.6,47.5,767.0,Drip,1.82
Groundnut,21.7,72.7,54.8,5.51,30.0,77.4,820.8,Sprinkler,1.66
Groundnut,42.1,63.8,67.6,5.86,30.0,52.5,523.8,Flood,1.49
Groundnut,23.2,62.6,51.4,6.38,27.6,69.9,815.1,Sprinkler,1.81
Groundnut,44.0,43.6,39.4,7.08,21.7,75.0,639.9,Sprinkler,1.7
Groundnut,45.7,44.1,56.5,7.33,24.3,54.3,441.4,Drip,1.68
Groundnut,50.7,47.0,52.5,6.46,24.6,65.4,491.0,Sprinkler,1.71
Groundnut,11.5,10.4,9.9,6.08,33.7,65.5,898.0,Drip,1.43
Groundnut,30.9,43.3,48.0,5.87,32.3,39.0,78.1,Rainfed,0.68
Groundnut,33.3,35.5,37.4,6.43,35.6,80.2,501.5,Flood,1.47
Groundnut,17.4,67.5,45.5,6.86,29.7,84.4,585.3,Flood,1.52
Groundnut,48.0,48.7,52.4,5.6,24.3,73.7,804.7,Sprinkler,1.54
Groundnut,33.1,35.2,44.7,7.3,33.7,61.4,377.3,Sprinkler,1.52
Groundnut,57.2,60.8,40.8,6.75,22.9,53.0,1081.4,Drip,1.72
Groundnut,39.0,75.8,59.5,5.59,31.1,65.2,730.9,Flood,1.43
Groundnut,25.8,63.5,26.7,6.18,32.0,77.3,557.3,Sprinkler,1.76
Groundnut,34.1,44.6,56.1,6.0,34.6,66.1,1039.0,Drip,1.74
Groundnut,32.7,55.9,32.8,5.54,30.7,68.5,845.5,Drip,1.87
Groundnut,34.0,66.6,34.8,5.95,22.0,59.4,523.7,Rainfed,1.24
Groundnut,32.1,55.4,51.8,4.57,22.2,50.4,780.7,Rainfed,1.13
Groundnut,19.6,47.8,39.5,6.55,30.6,75.0,551.8,Drip,1.84
Groundnut,48.5,79.3,55.7,6.31,26.2,64.5,685.2,Flood,1.49
Groundnut,29.0,70.0,62.7,6.34,30.7,47.4,773.0,Drip,1.94
Groundnut,47.1,75.7,31.6,6.95,28.2,49.5,868.2,Sprinkler,1.64
Groundnut,54.5,58.2,68.6,6.52,21.9,63.8,502.2,Sprinkler,1.57
Groundnut,42.9,59.1,58.7,6.39,33.9,72.2,838.1,Rainfed,1.43
Groundnut,38.8,44.4,43.1,6.72,41.2,75.9,540.3,Flood,1.48
Groundnut,31.5,69.5,31.4,7.26,35.3,45.0,1017.3,Sprinkler,1.48
Groundnut,26.7,54.8,66.8,5.92,22.9,54.7,790.4,Rainfed,1.18
Groundnut,32.8,36.2,47.7,5.75,33.5,67.0,1018.8,Rainfed,1.23
Groundnut,21.1,77.9,60.1,7.06,21.4,52.2,1120.6,Drip,1.5
Groundnut,36.3,76.8,40.0,5.95,27.9,69.6,665.4,Drip,1.93
Groundnut,10.7,18.1,5.0,7.1,28.6,68.6,782.3,Rainfed,1.09
Groundnut,41.0,47.0,55.4,6.76,22.8,51.5,786.8,Flood,1.54
Groundnut,34.1,69.6,30.6,7.28,30.1,70.2,471.1,Drip,1.77
Groundnut,39.3,66.6,36.0,6.14,33.4,23.4,74.8,Rainfed,0.87
Groundnut,40.9,62.1,38.2,7.34,34.6,60.7,698.7,Flood,1.47
Groundnut,31.1,44.9,45.4,6.87,31.9,76.2,652.3,Flood,1.73
Groundnut,43.5,65.1,58.3,6.43,28.0,78.8,679.2,Rainfed,1.29
Groundnut,21.1,51.2,47.0,4.96,27.3,78.8,585.9,Flood,1.44
Groundnut,47.8,60.7,56.0,6.34,24.5,66.8,652.5,Drip,1.93
Groundnut,36.2,59.9,68.8,7.4,24.3,79.7,664.5,Drip,1.94
Groundnut,56.6,79.3,31.0,7.04,32.8,59.7,873.7,Sprinkler,1.53
Groundnut,30.8,42.8,56.8,6.42,27.1,69.2,482.7,Flood,1.56
Groundnut,31.8,39.9,32.8,7.34,27.3,73.9,422.8,Sprinkler,1.62
Groundnut,55.1,67.4,28.2,6.26,21.4,79.5,844.9,Rainfed,1.22
Groundnut,35.8,49.8,37.3,6.67,39.7,77.3,695.8,Drip,1.9
Groundnut,48.8,73.9,60.3,5.97,28.9,60.4,718.6,Drip,1.77
Groundnut,51.7,75.7,52.0,6.5,31.4,69.4,1127.3,Drip,1.73
Groundnut,37.1,40.3,61.0,6.67,32.4,63.5,519.0,Drip,1.88
Groundnut,23.5,42.7,44.5,6.38,24.4,50.3,1097.1,Drip,1.69
Groundnut,33.6,39.8,25.9,6.94,31.4,61.7,458.5,Sprinkler,1.6
Groundnut,45.5,37.6,49.7,6.05,29.9,70.9,1070.3,Sprinkler,1.48
Groundnut,18.9,47.3,28.3,7.43,30.0,51.9,451.1,Sprinkler,1.54
Groundnut,28.3,55.8,65.2,6.64,28.3,77.3,363.1,Drip,1.98
Groundnut,23.6,77.2,39.8,7.08,34.3,58.9,1019.3,Flood,1.36
Groundnut,27.2,77.3,28.3,7.09,27.0,52.1,421.9,Sprinkler,1.51
Groundnut,38.8,48.7,32.0,4.1,23.5,75.1,778.9,Sprinkler,1.52
Groundnut,35.3,78.4,46.2,7.0,24.8,76.2,611.7,Sprinkler,1.81
Groundnut,41.2,57.3,37.5,6.2,26.4,31.3,156.3,Rainfed,0.91
Groundnut,30.9,55.8,33.5,4.5,26.3,55.5,897.2,Flood,1.39
Groundnut,11.6,8.3,15.6,6.19,33.1,71.3,842.6,Sprinkler,1.38
Groundnut,36.6,63.6,52.3,6.22,26.8,57.7,1139.6,Sprinkler,1.68
Groundnut,11.5,21.1,12.6,6.03,22.2,71.0,725.1,Drip,1.54
Groundnut,52.6,64.8,39.8,7.35,34.1,73.6,643.7,Flood,1.37
Groundnut,57.4,71.4,57.2,6.4,25.0,79.2,802.8,Flood,1.44
Groundnut,47.5,74.3,42.5,5.53,24.1,81.6,896.3,Flood,1.47
Groundnut,24.2,79.0,40.9,6.16,25.9,48.7,847.5,Drip,1.79
Groundnut,33.0,55.3,53.6,7.02,23.7,83.7,845.4,Drip,1.83
Groundnut,29.4,49.4,28.6,6.07,31.5,70.4,423.5,Drip,1.68
Groundnut,47.1,72.7,26.1,6.16,26.8,81.4,751.1,Drip,1.8
Groundnut,18.7,52.1,53.6,6.07,29.5,59.3,951.8,Drip,1.68
Groundnut,24.0,41.4,62.1,7.24,21.5,81.3,573.2,Sprinkler,1.55
Groundnut,41.3,58.4,45.6,7.42,23.0,51.3,916.5,Drip,1.75
Groundnut,36.6,48.4,66.0,6.07,24.6,54.4,473.7,Sprinkler,1.75
Groundnut,25.0,35.7,67.9,5.53,35.4,78.2,1071.4,Sprinkler,1.41
Groundnut,11.9,5.2,5.1,6.51,27.9,54.9,697.3,Flood,1.4
Groundnut,21.4,56.1,37.0,6.22,38.5,69.5,726.8,Rainfed,1.27
Groundnut,17.6,68.9,47.5,7.31,29.2,62.9,879.4,Flood,1.42
Groundnut,25.7,54.0,68.6,6.65,31.1,72.1,1000.1,Rainfed,1.24
Groundnut,36.3,48.8,41.2,6.17,25.2,72.8,818.4,Drip,1.99
Groundnut,45.5,62.5,39.0,7.1,21.8,67.8,573.2,Sprinkler,1.67
Groundnut,28.5,52.6,41.5,6.99,41.6,67.7,587.5,Rainfed,1.16
Groundnut,43.2,34.7,33.3,7.36,30.6,57.2,395.3,Sprinkler,1.54
Groundnut,46.0,58.1,54.5,6.24,38.4,62.9,788.9,Drip,1.8
Groundnut,49.8,58.9,54.0,6.18,26.1,42.9,148.2,Rainfed,0.82
Groundnut,27.3,66.5,64.1,5.96,31.3,60.7,452.6,Flood,1.42
Groundnut,47.1,45.8,66.4,5.93,35.9,74.5,666.2,Drip,1.71
Groundnut,24.8,62.9,41.0,6.09,32.1,54.2,817.8,Drip,1.93
Groundnut,19.8,43.8,32.2,5.88,21.6,67.5,822.9,Flood,1.51
Groundnut,38.6,80.1,48.6,6.65,35.9,84.8,690.7,Sprinkler,1.86
Groundnut,29.5,72.1,54.0,6.06,32.8,62.1,453.9,Rainfed,1.23
Groundnut,38.9,71.6,67.3,7.25,28.4,66.8,579.1,Sprinkler,1.82
Groundnut,49.1,62.1,55.7,6.25,26.9,53.3,1099.5,Rainfed,1.2
Groundnut,54.9,64.9,35.7,7.02,25.2,62.6,574.0,Sprinkler,1.58
Groundnut,34.9,69.9,44.7,6.11,28.1,51.2,902.4,Rainfed,1.4
Groundnut,46.4,62.4,50.7,7.49,24.4,76.2,813.5,Rainfed,1.16
Groundnut,45.8,70.0,25.5,6.51,23.8,80.0,479.3,Flood,1.51
Groundnut,31.4,77.7,36.0,5.69,21.1,65.2,860.5,Drip,1.71
Groundnut,50.1,79.8,66.2,6.21,26.4,74.8,464.6,Drip,1.73
Groundnut,11.4,10.6,11.8,6.51,26.3,71.5,749.8,Drip,1.64
Groundnut,46.4,47.7,40.5,6.12,33.8,23.8,97.6,Rainfed,0.95
Groundnut,27.4,59.2,32.3,6.6,31.8,73.0,525.6,Rainfed,1.34
Groundnut,42.1,54.9,31.4,6.61,41.6,58.1,783.5,Drip,1.82
Groundnut,52.4,41.2,61.3,6.01,26.8,81.1,714.5,Drip,1.84
Groundnut,57.4,70.6,63.7,7.0,34.3,48.1,1085.3,Sprinkler,1.3
Groundnut,20.1,67.3,57.5,7.49,32.3,60.3,794.7,Sprinkler,1.52
Groundnut,47.2,67.4,31.6,5.91,38.5,57.7,497.4,Rainfed,1.09
Groundnut,37.3,56.3,40.2,6.79,31.9,60.4,492.8,Rainfed,1.31
Groundnut,23.3,55.5,35.1,6.98,20.4,67.2,492.2,Drip,1.73
Groundnut,44.2,38.6,54.4,6.72,27.6,61.8,1051.9,Drip,1.71
Groundnut,54.1,73.5,60.2,7.47,31.2,75.0,1126.6,Drip,1.43
Groundnut,46.9,76.7,63.9,7.18,35.1,66.5,365.4,Drip,1.42
Groundnut,33.2,76.7,41.1,7.21,34.4,65.0,708.6,Flood,1.64
Groundnut,30.3,38.8,37.0,5.76,24.7,55.5,857.4,Rainfed,1.3
Groundnut,46.5,53.3,39.6,7.19,34.5,63.1,367.1,Flood,1.4
Groundnut,17.4,71.4,48.0,6.87,34.6,66.6,752.5,Drip,1.85
Groundnut,23.6,38.4,46.1,6.43,30.5,63.8,471.9,Sprinkler,1.67
Groundnut,23.5,66.1,51.3,7.0,22.4,82.7,844.4,Flood,1.53
Groundnut,33.1,51.9,54.1,5.69,31.8,46.7,508.7,Flood,1.47
Groundnut,34.8,47.1,32.9,6.92,40.2,54.7,685.7,Sprinkler,1.78
Groundnut,18.2,47.5,52.0,6.21,32.4,71.1,542.8,Drip,1.69
Groundnut,35.2,41.9,39.7,6.11,21.7,66.9,955.6,Sprinkler,1.67
Groundnut,41.7,65.4,55.8,6.96,30.4,48.8,902.3,Flood,1.54
Groundnut,45.1,65.9,47.9,7.24,35.9,76.2,837.8,Drip,1.8
Groundnut,22.0,64.4,38.4,7.02,23.8,72.4,590.1,Drip,1.89
Groundnut,21.6,64.7,65.8,7.44,23.8,77.4,635.8,Rainfed,1.1
Groundnut,33.6,65.8,51.7,7.45,35.0,62.1,924.4,Flood,1.38
Groundnut,19.8,48.0,39.4,6.37,22.7,64.8,877.3,Sprinkler,1.64
Groundnut,55.0,62.7,63.8,5.76,32.8,49.8,678.2,Drip,1.75
Groundnut,29.2,63.6,41.5,7.22,30.1,53.6,622.2,Flood,1.63
Groundnut,31.1,47.7,46.2,5.93,24.5,47.5,597.1,Drip,1.8
Groundnut,40.9,70.6,27.5,5.71,33.0,69.9,509.0,Sprinkler,1.65
Groundnut,41.5,69.3,54.2,4.33,30.5,72.9,814.9,Drip,1.69
Groundnut,22.4,51.8,67.0,5.64,26.5,70.9,421.2,Drip,1.73
Groundnut,25.7,76.5,58.7,5.73,23.4,69.9,687.1,Sprinkler,1.67
Groundnut,34.0,75.0,54.2,5.74,31.9,65.8,535.6,Drip,1.94
Groundnut,51.6,43.6,59.2,5.52,22.1,53.0,825.8,Drip,1.72
Groundnut,26.8,49.7,66.5,7.49,31.0,67.9,912.6,Flood,1.4
Groundnut,30.9,51.2,40.5,7.07,32.0,45.2,591.2,Sprinkler,1.77
Groundnut,29.7,54.4,45.4,4.48,33.2,72.3,570.7,Rainfed,1.15
Groundnut,49.4,78.2,64.2,6.41,30.2,54.2,674.3,Flood,1.52
Groundnut,24.4,56.4,31.9,7.03,23.7,70.2,645.6,Rainfed,1.39
Groundnut,46.4,57.5,51.3,7.02,29.7,69.6,975.6,Rainfed,1.23
Groundnut,40.4,38.0,41.1,6.32,33.4,65.5,930.2,Drip,1.9
Groundnut,22.8,56.0,44.9,4.42,24.0,75.1,888.2,Flood,1.35
Groundnut,22.9,66.1,32.9,4.02,27.6,71.9,678.8,Sprinkler,1.69
Groundnut,43.1,69.8,41.1,5.86,23.3,45.5,633.3,Drip,1.89
Groundnut,42.4,75.6,62.0,6.01,22.1,52.7,1117.4,Sprinkler,1.49
Groundnut,53.4,46.1,42.6,6.51,34.3,79.8,808.0,Drip,1.83
Groundnut,56.5,62.3,59.5,6.4,28.5,62.2,908.3,Flood,1.3
Groundnut,24.2,77.7,39.2,7.1,31.4,76.6,1090.7,Sprinkler,1.58
Groundnut,23.8,63.1,59.1,6.04,31.9,76.1,1008.3,Drip,1.66
Groundnut,35.8,61.8,43.6,5.82,22.8,48.1,842.1,Flood,1.63
Groundnut,10.9,11.5,6.4,6.87,33.0,56.5,912.8,Sprinkler,1.41
Groundnut,20.3,63.7,46.3,7.37,24.6,74.0,930.1,Drip,1.67
Groundnut,36.9,65.6,31.8,6.02,29.4,57.8,749.8,Sprinkler,1.79
Groundnut,49.8,49.8,57.7,6.07,24.3,67.0,475.3,Rainfed,1.36
Groundnut,34.8,66.5,33.1,6.78,29.5,75.2,592.0,Rainfed,1.28
Groundnut,32.3,55.1,59.0,6.73,32.9,24.5,112.8,Rainfed,0.99
Groundnut,30.1,79.0,29.7,7.31,27.1,47.9,1046.0,Drip,1.69
Groundnut,46.5,48.9,46.8,6.84,40.6,78.6,751.1,Rainfed,1.19
Groundnut,49.3,40.1,28.7,5.88,31.9,68.7,781.7,Drip,1.78
Groundnut,25.1,56.8,47.6,6.73,41.4,68.0,505.9,Rainfed,1.21
Groundnut,51.2,76.8,46.6,6.78,20.0,55.1,577.4,Drip,1.69
Groundnut,44.1,53.8,68.5,5.81,27.6,70.9,403.4,Flood,1.39
Groundnut,11.5,15.4,6.2,6.58,22.8,50.4,894.8,Drip,1.47
Groundnut,22.2,42.9,61.1,6.82,30.1,61.7,669.1,Flood,1.55
Groundnut,37.7,79.1,67.1,6.32,33.1,66.7,759.2,Drip,1.93
Groundnut,48.8,41.4,41.1,5.97,25.1,68.2,644.5,Sprinkler,1.71
Groundnut,28.6,38.4,64.3,5.52,20.0,78.1,1137.5,Flood,1.14
Groundnut,33.8,42.5,55.3,5.97,39.9,61.5,706.1,Drip,1.85
Groundnut,20.6,51.8,54.5,6.26,40.9,79.8,773.4,Flood,1.44
Groundnut,49.1,68.1,42.4,6.91,40.9,55.4,717.8,Drip,1.76
Groundnut,23.8,55.0,47.7,6.56,33.1,65.7,540.0,Flood,1.55
Groundnut,23.0,49.9,65.1,7.32,29.2,73.1,1026.1,Rainfed,1.23
Groundnut,39.7,53.3,28.6,6.35,32.7,77.2,1056.1,Drip,1.75
Groundnut,34.9,62.8,31.9,6.38,30.1,23.3,92.4,Rainfed,0.92
Groundnut,20.6,67.8,53.2,6.35,39.3,53.1,858.1,Flood,1.49
Groundnut,33.8,48.0,43.0,6.12,26.2,36.3,166.0,Rainfed,0.91
Groundnut,45.0,40.3,49.0,7.34,20.4,55.7,463.3,Sprinkler,1.5
Groundnut,33.7,53.9,58.3,6.25,42.4,79.2,570.8,Drip,1.8
Groundnut,48.8,35.4,51.0,6.69,34.9,56.5,577.5,Sprinkler,1.71
Groundnut,47.7,72.1,65.6,6.36,35.8,53.6,917.2,Sprinkler,1.5
Groundnut,36.3,70.5,66.0,6.96,32.4,47.7,519.9,Rainfed,1.3
Groundnut,18.8,51.2,47.2,5.92,22.8,65.3,817.0,Drip,1.92
Groundnut,53.5,56.0,62.8,7.35,21.5,48.8,731.3,Sprinkler,1.46
Groundnut,17.1,79.0,35.6,7.33,21.7,54.5,543.2,Rainfed,1.08
Groundnut,46.1,60.2,40.9,7.14,32.7,30.8,124.5,Rainfed,0.9
Groundnut,32.1,41.7,34.6,6.81,28.2,54.2,674.3,Sprinkler,1.84
Groundnut,51.6,52.0,65.3,6.19,30.7,83.7,664.4,Flood,1.48
Groundnut,56.7,55.1,66.3,7.33,24.1,61.1,861.8,Sprinkler,1.46
Groundnut,47.7,40.4,41.1,6.16,28.8,35.8,180.0,Rainfed,1.05
Groundnut,23.0,48.1,36.2,7.1,28.7,56.8,741.5,Drip,1.96
Groundnut,10.6,10.2,16.3,6.0,27.9,78.6,762.5,Drip,1.61
Groundnut,30.2,43.0,35.5,7.28,23.3,80.2,708.7,Rainfed,1.19
Groundnut,24.2,59.5,51.1,6.77,26.6,46.9,848.8,Rainfed,1.35
Groundnut,49.4,56.3,37.3,6.07,23.7,31.3,52.9,Rainfed,0.86
Groundnut,57.0,65.2,58.6,5.74,27.6,56.4,1057.4,Drip,1.75
Groundnut,50.6,44.8,41.9,7.08,28.4,61.1,383.0,Flood,1.39
Groundnut,42.1,73.8,48.0,5.96,20.2,71.1,744.6,Flood,1.35
Groundnut,36.3,74.6,27.3,7.46,35.9,68.9,618.6,Drip,1.75
Groundnut,19.0,56.1,28.0,6.94,26.0,53.0,785.0,Rainfed,1.29
Groundnut,46.9,75.5,34.4,7.22,24.8,82.6,579.2,Rainfed,1.34
Groundnut,22.9,79.3,29.2,5.94,27.1,84.7,741.1,Sprinkler,1.64
Groundnut,21.0,64.0,33.4,6.01,34.2,58.1,802.0,Sprinkler,1.67
Groundnut,44.7,42.4,56.0,6.61,27.5,66.5,638.1,Rainfed,1.4
Groundnut,55.5,65.2,43.4,6.46,30.5,77.9,652.2,Rainfed,1.31
Groundnut,38.5,78.7,66.3,6.89,25.2,53.8,422.5,Flood,1.62
Groundnut,36.6,60.6,65.3,5.56,32.8,60.6,941.0,Rainfed,1.22
Groundnut,20.6,44.8,35.2,6.98,21.0,47.0,901.0,Sprinkler,1.66
Groundnut,21.2,59.7,61.4,6.22,32.2,78.8,1000.3,Flood,1.33
Groundnut,48.9,68.1,45.1,5.82,25.0,53.3,641.9,Sprinkler,1.68
Groundnut,22.0,71.6,32.0,6.27,21.1,66.0,825.7,Flood,1.42
Groundnut,40.9,68.1,58.6,6.1,21.1,46.5,959.1,Sprinkler,1.58
Groundnut,41.3,57.3,52.6,5.77,25.1,60.0,605.3,Flood,1.55
Groundnut,46.5,45.0,37.0,5.95,31.0,59.0,676.0,Flood,1.52
Groundnut,40.9,47.7,28.5,6.3,23.0,52.4,767.6,Flood,1.62
Groundnut,10.4,5.3,14.4,6.7,24.1,73.7,599.6,Drip,1.64
Groundnut,35.4,66.5,28.5,6.27,24.7,45.7,512.9,Sprinkler,1.77
Groundnut,38.6,58.5,50.5,6.34,32.4,24.1,164.9,Rainfed,0.87
Groundnut,32.2,71.9,44.2,6.84,24.9,53.4,662.7,Sprinkler,1.8
Groundnut,40.4,79.9,55.6,7.36,21.9,47.5,602.6,Drip,1.86
Groundnut,47.2,79.2,63.7,5.74,25.4,55.2,497.9,Sprinkler,1.69
Groundnut,26.2,67.1,57.4,5.54,26.3,80.6,765.8,Drip,1.77
Groundnut,27.0,42.0,41.4,7.0,37.5,67.3,800.5,Drip,1.74
Groundnut,28.4,46.8,60.2,7.45,25.6,46.6,388.5,Flood,1.5
Groundnut,53.8,75.2,59.8,6.45,24.9,65.3,751.6,Sprinkler,1.7
Groundnut,10.9,16.8,8.1,6.41,24.5,76.3,694.0,Drip,1.71
Groundnut,51.0,58.3,49.5,7.26,34.7,78.0,411.0,Sprinkler,1.34
Groundnut,25.6,76.3,64.2,6.43,22.2,45.5,702.0,Drip,1.97
Groundnut,24.7,51.3,62.9,6.45,21.0,49.4,994.5,Flood,1.55
Groundnut,21.8,69.4,54.0,5.96,35.6,67.8,1067.4,Flood,1.35
Groundnut,45.7,61.3,59.6,5.52,31.0,57.8,534.9,Flood,1.32
Groundnut,25.8,51.3,41.8,7.02,40.7,62.2,717.2,Drip,1.84
Groundnut,22.4,39.9,39.5,6.99,20.4,55.3,486.7,Rainfed,1.12
Groundnut,26.4,43.6,62.8,5.88,36.0,56.3,425.8,Flood,1.34
Groundnut,50.1,57.9,37.4,5.92,24.7,78.9,656.7,Drip,1.95
Groundnut,18.3,61.6,63.5,6.32,24.3,64.7,919.6,Sprinkler,1.57
Groundnut,43.3,61.0,64.7,5.54,22.5,70.0,411.3,Sprinkler,1.59
Groundnut,52.6,61.5,64.4,5.73,27.3,62.1,622.4,Drip,1.8
Groundnut,22.2,51.6,65.7,6.73,29.7,81.5,796.7,Sprinkler,1.75
Groundnut,32.0,65.9,39.4,6.62,24.5,51.6,714.4,Drip,2.02
Groundnut,27.7,46.0,40.8,7.33,26.3,77.9,513.9,Drip,1.87
Groundnut,38.9,57.4,37.3,5.64,27.7,79.7,453.6,Rainfed,1.31
Groundnut,23.4,48.2,47.1,6.63,41.7,68.5,746.8,Sprinkler,1.54
Groundnut,51.5,34.6,38.5,7.49,26.8,80.5,615.8,Sprinkler,1.61
Groundnut,26.3,41.2,35.5,6.49,32.8,59.2,800.6,Flood,1.65
Groundnut,48.6,41.2,31.8,5.93,31.3,55.7,812.8,Rainfed,1.32
Groundnut,55.9,45.7,35.5,5.56,26.6,63.4,1112.3,Flood,1.28
Groundnut,10.4,6.5,15.9,7.17,23.1,74.4,879.6,Sprinkler,1.28
Groundnut,33.0,60.0,45.9,5.88,33.4,73.8,524.5,Rainfed,1.41
Groundnut,46.8,56.0,52.1,5.71,29.0,47.9,785.0,Sprinkler,1.75
Groundnut,10.6,6.3,17.0,6.43,24.3,67.5,548.2,Rainfed,1.14
Groundnut,51.9,56.7,32.6,6.84,30.9,56.5,381.4,Drip,1.67
Groundnut,42.0,45.8,38.3,7.12,23.0,33.7,117.9,Rainfed,0.81
Groundnut,27.6,77.5,43.4,6.07,25.4,58.9,515.2,Rainfed,1.19
Groundnut,39.6,42.5,58.5,5.95,28.8,28.3,105.9,Rainfed,0.83
Groundnut,53.8,55.3,68.5,6.69,22.6,52.6,918.6,Drip,1.66
Groundnut,47.4,55.3,32.6,6.0,25.9,47.8,815.8,Sprinkler,1.71
Groundnut,32.4,50.0,46.7,6.28,27.0,39.9,71.1,Rainfed,0.94
Groundnut,46.5,59.6,46.3,6.84,32.8,83.9,850.9,Flood,1.69
Groundnut,26.4,42.8,46.0,6.85,26.9,36.8,113.7,Rainfed,0.78
Groundnut,31.2,64.0,30.5,5.69,30.6,66.9,695.6,Drip,1.88
Groundnut,49.0,75.4,56.1,5.62,30.7,54.6,605.9,Drip,1.78
Groundnut,44.1,45.0,44.8,6.77,30.2,76.7,583.9,Flood,1.69
Groundnut,44.1,55.2,66.8,5.86,30.8,68.1,494.7,Drip,1.76
Groundnut,36.2,66.1,53.2,4.95,27.4,59.7,828.7,Flood,1.51
Groundnut,21.0,57.7,40.4,4.24,30.3,58.1,906.4,Drip,1.64
Groundnut,26.3,34.7,55.7,5.96,33.7,63.7,773.9,Flood,1.51
Groundnut,43.0,77.6,68.2,7.39,33.2,73.2,877.4,Drip,1.64
Groundnut,23.2,44.2,40.7,4.51,29.0,73.2,517.9,Flood,1.3
Groundnut,27.1,69.3,38.5,7.11,28.5,76.8,575.2,Sprinkler,1.77
Groundnut,54.9,71.4,57.3,7.07,29.7,54.8,507.8,Flood,1.42
Groundnut,25.6,62.6,45.0,5.82,28.5,56.3,435.1,Sprinkler,1.65
Groundnut,27.4,35.4,31.0,5.78,22.9,77.1,702.8,Drip,1.83
Groundnut,33.5,64.9,52.1,6.38,30.8,33.8,168.6,Rainfed,0.83
Groundnut,19.0,75.9,55.8,7.38,24.0,72.8,991.4,Flood,1.41
Groundnut,40.6,51.1,56.3,6.98,24.1,77.1,670.4,Rainfed,1.4
Groundnut,33.2,76.6,35.5,6.01,25.8,79.4,1092.3,Drip,1.79
Groundnut,27.5,79.1,51.5,5.51,20.5,50.9,506.3,Flood,1.44
Groundnut,49.1,62.4,44.7,6.64,23.7,40.3,128.6,Rainfed,0.93
Groundnut,56.7,50.5,68.5,7.41,30.2,58.3,947.6,Drip,1.59
Groundnut,55.5,44.9,59.4,6.09,31.3,73.0,504.1,Sprinkler,1.58
Groundnut,32.5,67.0,54.8,6.02,34.7,67.5,637.1,Drip,1.99
Groundnut,46.4,70.8,44.7,6.54,35.8,83.7,683.6,Flood,1.57
Groundnut,23.2,69.7,44.5,5.85,32.1,81.6,1088.0,Sprinkler,1.46
Groundnut,55.3,75.4,58.2,5.51,26.5,61.4,1057.6,Drip,1.53
Groundnut,22.5,64.8,60.0,6.78,32.7,69.3,508.1,Sprinkler,1.62
Groundnut,36.0,60.1,68.7,7.01,20.6,73.5,1002.9,Flood,1.39
Groundnut,29.7,73.0,59.3,6.57,21.9,71.1,411.2,Drip,1.71
Groundnut,30.7,35.6,32.3,5.73,26.9,53.5,589.0,Sprinkler,1.6
Groundnut,39.2,57.6,35.3,5.85,39.0,62.8,480.9,Rainfed,1.25
Groundnut,51.6,60.2,56.3,7.27,36.0,74.2,605.3,Drip,1.7
Groundnut,21.0,36.5,50.8,7.12,20.6,67.7,650.0,Flood,1.46
Groundnut,31.0,68.5,63.9,5.87,35.9,77.4,467.3,Drip,1.63
Groundnut,52.8,43.1,57.3,6.04,32.9,72.3,767.9,Sprinkler,1.61
Groundnut,23.4,66.6,58.2,6.39,32.7,67.3,1090.3,Drip,1.77
Mustard,92.1,39.1,44.1,7.02,25.8,33.3,60.1,Rainfed,0.56
Mustard,111.9,54.7,32.4,6.84,20.9,61.6,239.9,Rainfed,0.61
Mustard,110.0,47.8,32.0,6.89,24.9,48.0,697.4,Sprinkler,0.98
Mustard,103.3,44.1,42.7,7.36,19.2,56.4,302.9,Drip,1.28
Mustard,103.4,21.7,47.2,5.75,18.2,37.7,703.8,Rainfed,0.63
Mustard,97.8,30.6,32.3,7.25,17.1,36.3,463.8,Flood,1.12
Mustard,45.2,43.9,32.6,6.21,21.5,41.5,347.6,Flood,1.03
Mustard,76.1,33.9,25.2,7.64,23.5,48.3,564.1,Rainfed,0.81
Mustard,60.0,29.8,21.9,7.37,15.3,50.3,348.2,Rainfed,0.9
Mustard,55.7,50.1,29.3,7.76,15.4,35.3,468.1,Drip,1.15
Mustard,86.6,38.8,36.9,4.65,20.8,57.9,483.0,Sprinkler,1.11
Mustard,58.7,56.3,24.9,7.41,18.2,53.5,341.8,Rainfed,0.82
Mustard,81.8,50.5,22.4,7.1,22.4,57.4,420.4,Rainfed,0.85
Mustard,47.2,45.8,26.7,6.68,20.1,70.4,501.1,Drip,1.23
Mustard,67.7,28.1,33.6,4.36,21.3,49.6,400.9,Rainfed,0.9
Mustard,102.0,35.7,28.9,6.17,22.3,38.1,388.8,Drip,1.22
Mustard,63.8,32.3,41.7,6.94,12.0,28.8,92.9,Rainfed,0.57
Mustard,80.1,44.5,28.5,6.21,24.7,39.3,453.4,Sprinkler,1.14
Mustard,90.3,29.1,27.3,7.45,12.7,50.5,279.6,Rainfed,0.79
Mustard,80.7,36.3,17.1,6.28,19.3,61.6,319.0,Drip,1.31
Mustard,13.9,6.3,7.4,7.16,13.5,46.9,253.0,Sprinkler,0.78
Mustard,63.5,25.2,48.6,6.97,14.4,51.8,385.6,Flood,1.02
Mustard,43.9,29.6,33.6,6.64,19.3,63.6,554.6,Sprinkler,1.18
Mustard,75.5,26.9,45.2,6.48,22.6,42.9,221.8,Drip,1.18
Mustard,105.8,57.6,35.6,5.74,14.1,60.6,252.7,Flood,0.85
Mustard,99.2,49.4,32.5,6.27,25.5,60.9,615.0,Sprinkler,1.07
Mustard,97.9,26.1,43.2,6.27,34.5,41.7,581.9,Rainfed,0.69
Mustard,83.4,54.2,35.2,4.87,13.2,58.8,408.8,Flood,0.96
Mustard,98.9,42.0,18.4,6.03,12.3,41.9,205.3,Flood,0.76
Mustard,76.1,24.4,26.5,7.49,23.4,57.5,450.0,Drip,1.28
Mustard,85.8,51.2,22.8,7.41,16.2,55.1,516.1,Sprinkler,1.06
Mustard,62.8,24.9,23.7,6.97,13.5,42.2,487.5,Rainfed,0.85
Mustard,108.1,45.7,31.2,7.23,14.7,38.1,379.2,Drip,1.24
Mustard,94.4,40.9,41.9,7.22,13.1,25.0,82.9,Rainfed,0.63
Mustard,63.6,38.8,32.5,7.61,11.9,46.2,479.5,Flood,1.01
Mustard,82.9,30.3,32.7,7.16,25.1,73.4,514.8,Sprinkler,1.12
Mustard,52.7,37.0,28.4,4.76,19.5,57.9,415.2,Flood,0.99
Mustard,73.7,33.0,46.2,6.12,23.0,52.8,719.2,Sprinkler,0.99
Mustard,11.3,7.9,7.4,7.28,23.7,40.3,436.3,Rainfed,0.74
Mustard,113.3,51.0,43.2,6.88,23.6,69.4,452.8,Sprinkler,1.03
Mustard,83.3,58.6,29.4,6.14,18.2,43.3,459.2,Rainfed,0.94
Mustard,80.1,26.0,35.8,5.14,13.1,57.5,570.4,Rainfed,0.74
Mustard,82.8,47.8,51.4,7.63,17.1,39.5,311.7,Drip,1.21
Mustard,83.6,28.8,34.1,7.53,23.9,38.2,648.3,Drip,1.09
Mustard,53.1,49.6,18.2,6.96,21.6,44.8,687.2,Drip,1.1
Mustard,89.7,28.3,28.1,6.81,25.2,73.2,210.7,Sprinkler,1.09
Mustard,80.8,60.9,17.6,6.62,22.0,43.7,577.5,Drip,1.27
Mustard,47.9,61.4,48.8,7.65,27.6,42.4,282.0,Drip,0.93
Mustard,97.1,47.8,49.2,6.91,12.3,42.1,268.7,Drip,1.17
Mustard,74.6,55.0,39.4,5.16,16.8,43.7,427.1,Flood,0.96
Mustard,113.3,30.8,23.7,7.12,17.5,36.0,380.4,Flood,1.01
Mustard,84.5,30.5,35.3,5.72,18.6,48.4,550.9,Sprinkler,1.17
Mustard,43.0,31.8,39.0,5.85,11.9,60.9,593.0,Drip,1.06
Mustard,64.8,55.3,37.6,7.75,18.6,66.0,599.4,Sprinkler,1.06
Mustard,61.4,26.4,31.8,7.68,19.0,60.4,524.6,Drip,1.3
Mustard,54.7,38.5,20.3,6.21,16.8,56.6,319.9,Drip,1.18
Mustard,112.3,34.8,40.9,6.24,26.7,61.9,617.4,Drip,1.07
Mustard,61.5,45.6,41.6,5.77,20.2,41.8,273.0,Sprinkler,1.18
Mustard,74.5,36.4,39.5,6.69,27.3,49.1,584.9,Drip,1.33
Mustard,76.7,33.0,17.2,6.15,22.6,65.8,345.7,Sprinkler,1.14
Mustard,89.0,43.2,25.1,4.31,23.4,46.3,367.0,Sprinkler,1.02
Mustard,43.9,26.4,25.5,6.32,13.3,60.0,352.9,Drip,1.09
Mustard,92.9,31.6,29.5,7.26,24.2,42.1,687.0,Flood,0.88
Mustard,52.4,27.4,21.5,4.51,12.6,62.4,328.1,Drip,0.95
Mustard,107.7,39.8,49.7,6.61,22.1,45.4,531.1,Sprinkler,1.17
Mustard,83.9,31.4,25.7,6.46,33.1,66.7,486.1,Drip,1.21
Mustard,58.8,44.5,38.9,6.37,33.3,53.4,349.3,Flood,0.98
Mustard,113.9,33.6,39.4,7.5,20.4,66.6,415.5,Sprinkler,1.15
Mustard,69.5,53.1,36.5,6.86,21.8,21.1,69.5,Rainfed,0.51
Mustard,83.3,63.1,25.9,7.18,23.6,58.4,250.7,Sprinkler,0.96
Mustard,67.3,48.1,50.3,7.38,22.4,73.8,288.7,Flood,0.88
Mustard,44.9,34.4,22.8,5.99,16.1,67.1,304.6,Sprinkler,0.99
Mustard,60.0,60.1,47.1,6.23,27.8,61.8,348.8,Flood,0.93
Mustard,62.0,62.4,46.8,7.27,10.5,58.6,567.4,Flood,0.93
Mustard,108.9,38.3,48.2,5.7,16.3,39.6,659.2,Rainfed,0.68
Mustard,83.5,42.1,34.4,7.16,27.2,49.7,289.8,Drip,1.12
Mustard,94.8,29.9,39.7,7.11,14.5,30.5,71.1,Rainfed,0.57
Mustard,82.1,42.0,27.8,6.91,31.2,45.8,486.3,Sprinkler,1.13
Mustard,49.0,57.3,27.8,5.7,14.2,38.6,248.0,Flood,0.72
Mustard,92.7,40.2,21.5,7.55,17.7,38.0,475.3,Sprinkler,1.19
Mustard,100.5,49.4,39.6,6.58,27.3,46.0,500.4,Drip,1.07
Mustard,93.4,29.7,23.4,7.71,20.6,50.6,616.7,Sprinkler,0.98
Mustard,10.4,5.4,9.8,7.02,16.6,66.6,343.1,Drip,1.02
Mustard,49.9,45.7,40.7,7.13,21.5,55.0,470.1,Sprinkler,1.08
Mustard,90.0,45.9,22.4,6.14,14.7,71.8,594.9,Sprinkler,1.02
Mustard,107.2,25.9,44.7,6.64,15.8,64.6,519.5,Flood,0.96
Mustard,99.4,30.3,41.2,7.31,32.9,55.2,585.0,Sprinkler,1.02
Mustard,51.1,28.3,26.6,6.1,20.4,69.9,285.3,Rainfed,0.87
Mustard,51.1,49.4,39.3,7.6,12.1,47.6,247.2,Sprinkler,0.96
Mustard,81.1,58.4,32.6,6.01,25.1,46.2,227.9,Drip,1.1
Mustard,86.5,32.2,42.3,7.32,26.6,58.4,605.3,Flood,0.86
Mustard,43.9,33.7,33.5,5.93,12.3,53.5,580.1,Flood,0.84
Mustard,76.9,37.4,23.7,6.01,24.3,53.6,611.0,Flood,0.95
Mustard,73.2,44.0,51.1,7.41,26.3,36.2,273.0,Drip,1.05
Mustard,74.5,48.2,34.4,7.6,26.9,41.5,643.5,Sprinkler,1.06
Mustard,76.9,32.4,29.6,6.04,33.1,49.3,439.1,Sprinkler,1.07
Mustard,64.8,54.3,37.6,6.26,18.7,31.7,74.6,Rainfed,0.56
Mustard,77.8,54.5,45.3,6.18,10.9,63.1,708.4,Sprinkler,0.93
Mustard,53.9,33.3,28.4,6.59,21.8,45.9,226.5,Sprinkler,1.1
Mustard,79.0,32.8,23.7,7.16,19.7,59.2,592.7,Flood,1.09
Mustard,84.3,42.1,21.1,6.22,34.5,47.0,597.5,Drip,1.05
Mustard,71.4,27.1,41.7,7.15,33.7,62.3,346.5,Flood,0.93
Mustard,61.9,26.4,22.8,6.8,29.2,45.4,331.5,Flood,1.05
Mustard,82.6,32.1,27.7,7.07,12.7,59.7,643.2,Drip,1.14
Mustard,48.3,35.9,38.2,6.87,11.7,67.0,706.0,Drip,1.08
Mustard,55.3,54.5,19.1,7.55,22.1,49.8,299.0,Flood,0.96
Mustard,68.6,39.9,45.7,6.41,11.6,71.5,401.4,Drip,1.25
Mustard,91.1,47.8,20.7,4.8,19.0,57.2,380.5,Sprinkler,1.04
Mustard,44.1,61.1,17.6,7.43,13.0,50.7,627.7,Drip,0.98
Mustard,90.5,35.6,29.1,7.24,15.6,43.0,620.0,Flood,1.03
Mustard,80.7,50.5,34.7,6.58,27.9,40.9,508.2,Flood,1.03
Mustard,62.2,57.0,30.7,7.19,12.7,65.2,485.5,Drip,1.21
Mustard,93.0,21.7,39.2,6.84,14.0,65.1,357.8,Drip,1.3
Mustard,52.7,37.9,19.3,7.29,18.1,63.3,367.5,Flood,1.02
Mustard,110.9,24.6,34.9,7.31,20.8,35.9,705.6,Drip,1.06
Mustard,98.1,37.8,32.3,6.82,17.1,71.6,642.7,Sprinkler,1.05
Mustard,53.3,36.8,40.9,6.63,15.7,69.9,555.6,Rainfed,0.96
Mustard,26.1,5.4,6.2,7.23,13.2,68.3,600.0,Sprinkler,0.89
Mustard,90.5,24.1,32.9,7.09,15.3,47.5,264.8,Sprinkler,1.16
Mustard,27.8,10.5,5.7,6.43,25.8,57.8,352.0,Flood,0.82
Mustard,51.6,50.3,27.3,7.26,18.7,45.5,530.7,Rainfed,0.93
Mustard,112.3,24.9,17.3,6.85,14.8,53.8,237.8,Sprinkler,0.95
Mustard,53.7,50.1,28.1,6.53,14.5,40.9,70.2,Rainfed,0.55
Mustard,102.8,49.1,46.9,7.75,25.7,51.1,623.5,Flood,0.81
Mustard,73.3,29.0,30.6,6.9,32.4,57.2,339.5,Drip,1.16
Mustard,104.5,52.4,46.0,7.56,17.5,48.8,230.0,Rainfed,0.51
Mustard,50.7,41.9,43.1,5.1,20.2,51.4,284.6,Drip,1.08
Mustard,99.5,54.7,32.1,6.51,13.5,73.6,698.9,Flood,0.9
Mustard,60.3,62.8,19.3,7.47,16.4,51.8,632.6,Drip,1.09
Mustard,97.2,53.1,19.1,6.13,18.8,49.7,413.7,Flood,1.03
Mustard,50.0,26.9,30.2,7.26,29.9,56.6,487.5,Drip,1.13
Mustard,107.1,59.7,34.6,7.13,21.1,47.4,345.5,Drip,1.18
Mustard,68.6,51.7,35.3,5.05,19.4,42.7,412.2,Sprinkler,1.13
Mustard,50.0,31.9,34.7,7.76,11.1,43.0,526.2,Drip,1.13
Mustard,52.6,61.7,48.7,7.56,13.1,48.2,618.1,Flood,0.8
Mustard,112.3,27.1,18.5,5.72,24.0,37.3,480.1,Sprinkler,1.05
Mustard,94.4,43.7,44.4,4.12,18.2,69.3,382.8,Drip,1.07
Mustard,83.7,25.0,46.7,6.82,17.5,48.5,251.7,Rainfed,0.81
Mustard,52.1,42.7,36.3,6.05,17.7,60.8,347.7,Drip,1.24
Mustard,50.9,47.1,30.8,7.12,15.7,57.7,518.7,Flood,0.97
Mustard,52.4,61.8,46.3,6.88,26.0,50.3,217.8,Flood,0.91
Mustard,62.5,26.7,25.6,6.91,26.5,58.3,678.2,Flood,0.92
Mustard,44.1,35.2,19.0,6.38,11.1,41.7,413.6,Sprinkler,1.09
Mustard,92.7,52.0,42.3,7.67,14.3,45.8,249.0,Sprinkler,0.94
Mustard,78.5,28.4,39.6,7.0,14.8,53.6,665.0,Flood,0.98
Mustard,54.0,52.7,21.0,4.18,24.8,57.5,528.3,Drip,0.98
Mustard,59.5,45.8,30.2,7.17,21.9,24.8,78.1,Rainfed,0.61
Mustard,96.1,23.6,42.4,6.27,20.3,44.7,636.2,Sprinkler,1.09
Mustard,100.1,58.9,42.4,6.01,25.4,59.7,516.9,Rainfed,0.71
Mustard,96.9,40.0,39.0,6.65,21.0,67.9,293.8,Flood,1.02
Mustard,74.9,34.8,17.5,7.37,15.9,49.3,374.7,Sprinkler,1.19
Mustard,90.6,51.5,27.3,5.9,26.1,62.1,537.0,Drip,1.13
Mustard,83.5,56.9,50.9,7.71,25.4,35.4,660.6,Drip,0.96
Mustard,45.3,53.6,20.9,6.56,24.7,62.8,203.1,Sprinkler,1.01
Mustard,56.4,28.4,41.8,5.12,18.6,58.9,493.6,Rainfed,0.85
Mustard,67.2,49.0,36.1,6.28,14.9,56.5,280.1,Flood,0.97
Mustard,67.1,28.5,31.9,4.48,22.1,68.6,513.7,Rainfed,0.76
Mustard,90.7,53.1,19.2,7.31,23.2,58.6,376.0,Drip,1.24
Mustard,14.1,9.1,6.7,6.46,17.5,49.2,503.6,Rainfed,0.76
Mustard,65.0,52.6,37.8,4.35,19.2,60.0,317.7,Rainfed,0.78
Mustard,113.9,33.5,46.5,7.79,20.6,47.4,550.2,Flood,0.89
Mustard,63.0,57.4,31.7,6.41,20.9,43.8,319.5,Sprinkler,1.09
Mustard,63.9,23.5,35.1,7.41,25.3,44.4,511.8,Flood,0.98
Mustard,57.6,32.1,23.3,6.11,26.3,72.2,227.0,Sprinkler,0.96
Mustard,70.8,47.8,49.9,6.06,12.2,36.3,389.2,Drip,1.18
Mustard,70.9,35.1,45.7,7.48,14.2,47.6,629.1,Drip,1.0
Mustard,75.0,29.1,23.3,6.59,23.6,68.6,709.2,Drip,1.18
Mustard,66.3,29.9,26.7,6.6,13.2,73.6,255.9,Rainfed,0.79
Mustard,73.2,52.3,40.3,6.15,16.1,55.5,531.7,Sprinkler,1.0
Mustard,74.0,44.0,47.9,7.03,23.0,58.9,534.4,Sprinkler,1.08
Mustard,51.7,36.9,22.6,4.12,23.1,52.8,530.4,Flood,0.81
Mustard,49.3,39.2,25.2,6.64,24.3,52.9,696.4,Drip,1.09
Mustard,60.5,60.5,24.9,7.27,11.1,60.2,313.7,Flood,0.93
Mustard,72.1,29.4,39.8,5.94,24.9,44.9,472.6,Sprinkler,1.1
Mustard,90.6,31.8,18.2,7.71,15.8,63.5,463.9,Flood,0.97
Mustard,75.3,61.8,21.7,7.28,15.9,46.6,340.8,Drip,1.16
Mustard,62.1,49.3,18.7,6.4,15.0,65.1,276.2,Rainfed,0.79
Mustard,21.9,7.8,11.7,6.61,18.4,61.0,433.5,Sprinkler,0.98
Mustard,77.4,59.0,37.5,7.55,18.9,43.0,577.5,Sprinkler,1.06
Mustard,70.2,35.2,40.3,6.94,21.7,73.6,564.6,Sprinkler,1.18
Mustard,71.4,56.5,30.2,7.17,15.3,40.9,267.5,Sprinkler,1.04
Mustard,44.4,31.6,28.8,7.19,19.8,69.2,373.9,Drip,1.22
Mustard,75.1,40.1,43.1,6.43,16.6,36.4,89.3,Rainfed,0.65
Mustard,105.1,44.4,25.0,6.84,22.8,61.1,326.4,Drip,1.26
Mustard,113.8,29.0,33.1,7.04,25.8,65.4,672.7,Sprinkler,0.94
Mustard,103.7,34.9,47.3,6.46,16.5,47.4,484.4,Drip,1.25
Mustard,62.5,54.4,24.5,7.37,30.9,62.9,409.7,Sprinkler,1.1
Mustard,66.0,45.7,39.3,7.09,21.1,61.6,361.2,Sprinkler,1.18
Mustard,97.2,39.5,29.7,7.2,14.0,35.4,445.0,Drip,1.19
Mustard,66.5,48.2,40.4,6.66,11.5,63.0,239.1,Drip,1.12
Mustard,78.3,27.4,32.5,4.86,12.7,62.8,451.7,Rainfed,0.72
Mustard,78.0,54.5,22.8,5.93,12.8,43.7,230.9,Rainfed,0.6
Mustard,55.3,48.0,44.3,7.28,22.9,37.0,606.7,Sprinkler,1.05
Mustard,102.3,28.9,33.6,7.69,20.5,39.1,580.5,Drip,1.15
Mustard,106.3,39.1,31.4,6.34,25.8,56.9,501.2,Flood,0.95
Mustard,113.9,22.7,18.5,6.6,21.9,50.5,719.8,Drip,0.95
Mustard,51.8,45.4,21.1,7.17,17.3,22.4,78.4,Rainfed,0.6
Mustard,93.6,62.9,30.4,6.68,24.5,58.1,219.4,Flood,0.87
Mustard,22.3,7.4,10.1,6.91,22.4,62.5,318.8,Sprinkler,0.88
Mustard,86.4,51.4,42.7,6.79,19.6,65.5,532.6,Rainfed,0.93
Mustard,86.3,47.2,29.6,7.47,21.1,43.9,324.7,Flood,0.96
Mustard,73.5,45.3,34.1,5.11,12.6,48.4,270.0,Sprinkler,1.05
Mustard,89.4,62.1,38.5,6.5,22.4,61.4,207.2,Sprinkler,1.03
Mustard,75.2,62.5,27.2,5.89,17.7,56.7,381.5,Drip,1.32
Mustard,69.8,47.8,44.1,7.3,16.8,57.7,433.8,Flood,1.05
Mustard,58.2,25.0,43.8,6.59,25.4,26.9,53.2,Rainfed,0.56
Mustard,103.1,41.9,19.6,7.07,13.3,69.0,342.5,Flood,1.05
Mustard,45.4,55.7,21.8,6.45,18.5,70.8,211.7,Sprinkler,0.98
Mustard,65.5,33.5,34.0,6.09,18.4,65.6,639.6,Sprinkler,1.12
Mustard,85.6,53.3,38.2,6.58,12.7,53.5,353.3,Flood,1.01
Mustard,104.1,29.4,31.5,6.87,12.3,58.5,351.3,Drip,1.18
Mustard,44.7,57.0,30.8,6.88,19.2,72.0,600.5,Rainfed,0.8
Mustard,64.0,61.7,51.2,5.96,26.2,61.6,679.4,Rainfed,0.73
Mustard,94.7,55.7,40.2,6.68,15.3,40.0,456.7,Flood,0.99
Mustard,94.8,35.3,19.3,7.32,14.0,59.7,618.2,Drip,1.18
Mustard,53.2,55.9,20.3,6.79,18.0,43.9,357.0,Drip,1.3
Mustard,45.1,58.6,22.7,7.56,25.5,53.1,458.8,Drip,1.08
Mustard,75.0,57.7,21.5,7.04,22.2,61.2,432.5,Flood,1.09
Mustard,65.9,48.4,22.0,6.26,18.6,42.3,78.8,Rainfed,0.59
Mustard,66.1,55.5,31.0,6.87,13.2,71.8,564.8,Flood,1.05
Mustard,17.7,6.8,6.9,7.06,24.0,40.7,448.1,Flood,0.85
Mustard,59.4,52.9,32.6,7.13,21.9,39.4,636.8,Flood,0.94
Mustard,75.0,29.4,28.3,7.59,26.9,54.3,355.4,Flood,0.99
Mustard,61.9,54.1,34.1,6.2,31.4,49.9,324.9,Drip,1.13
Mustard,67.2,43.0,37.5,7.57,11.0,67.9,709.7,Flood,0.82
Mustard,93.7,46.5,30.4,7.67,19.3,73.8,493.2,Flood,1.06
Mustard,90.4,21.9,19.7,6.92,26.4,59.0,322.7,Drip,1.19
Mustard,80.9,36.2,35.2,7.35,19.7,48.0,376.1,Flood,1.17
Mustard,84.2,30.5,27.7,6.73,20.5,43.2,69.2,Rainfed,0.68
Mustard,66.7,22.4,50.8,7.41,11.7,75.0,514.6,Flood,0.87
Mustard,67.2,30.6,42.7,6.33,32.3,42.6,304.2,Flood,0.87
Mustard,91.1,51.7,43.2,5.78,17.1,66.0,670.5,Sprinkler,0.95
Mustard,53.7,47.5,21.6,6.28,17.8,53.9,392.3,Rainfed,0.96
Mustard,82.2,34.0,29.3,6.99,18.8,63.9,491.5,Flood,1.1
Mustard,78.1,49.4,24.7,6.51,21.2,36.2,427.2,Sprinkler,1.23
Mustard,78.1,29.2,34.0,7.16,22.1,62.3,347.7,Rainfed,0.81
Mustard,56.0,40.5,31.1,6.47,34.0,53.9,271.1,Drip,1.18
Mustard,75.0,49.3,36.4,6.96,12.2,27.9,97.0,Rainfed,0.58
Mustard,29.8,9.1,9.8,6.29,17.6,54.7,325.2,Rainfed,0.82
Mustard,90.5,54.3,37.2,7.45,14.7,43.4,681.7,Flood,0.94
Mustard,76.4,37.1,36.3,5.95,18.2,53.2,479.9,Sprinkler,1.2
Mustard,82.8,47.6,19.4,5.98,20.4,50.8,615.4,Sprinkler,1.08
Mustard,113.0,27.5,30.7,7.1,15.5,45.7,623.1,Rainfed,0.78
Mustard,81.6,40.7,34.5,6.13,26.3,65.2,554.1,Rainfed,0.89
Mustard,48.4,55.9,51.7,6.91,11.1,66.2,238.3,Sprinkler,0.96
Mustard,107.6,33.8,30.5,7.69,13.6,58.1,402.0,Flood,0.94
Mustard,84.9,37.2,21.5,7.06,32.0,40.3,464.4,Drip,1.18
Mustard,60.4,37.4,34.2,6.88,13.0,65.1,417.8,Rainfed,0.96
Mustard,94.5,62.9,32.8,6.0,23.1,66.1,643.5,Drip,1.12
Mustard,44.4,49.4,37.9,5.88,26.7,52.8,550.6,Flood,0.87
Mustard,92.0,39.8,20.8,7.01,17.2,52.1,404.4,Rainfed,1.01
Mustard,98.8,49.5,44.9,5.96,25.1,50.5,475.0,Sprinkler,1.02
Mustard,63.2,28.4,20.6,6.65,12.3,44.8,269.5,Drip,1.17
Mustard,89.2,56.7,36.3,6.67,19.5,47.8,542.1,Flood,1.09
Mustard,76.0,61.3,51.2,6.74,25.6,35.2,234.7,Drip,1.1
Mustard,85.0,46.2,37.5,7.28,29.5,43.3,474.2,Flood,0.87
Mustard,95.5,38.6,24.0,7.08,22.0,53.4,340.4,Flood,1.07
Mustard,76.8,30.1,39.6,6.17,18.7,48.1,701.1,Rainfed,0.76
Mustard,113.8,26.0,51.5,5.92,17.5,44.6,696.0,Sprinkler,0.97
Mustard,98.5,53.8,25.5,6.34,17.1,49.3,357.0,Rainfed,0.91
Mustard,100.9,60.6,19.4,6.28,14.6,49.3,420.7,Sprinkler,1.06
Mustard,96.8,51.7,37.3,7.51,21.2,70.0,357.4,Drip,1.23
Mustard,70.2,48.6,42.6,6.39,19.1,70.8,657.5,Flood,1.02
Mustard,67.1,26.3,31.7,5.88,12.1,73.0,551.5,Flood,0.94
Mustard,72.8,22.3,50.2,5.85,21.0,39.1,347.8,Drip,1.22
Mustard,90.7,59.4,43.0,7.52,17.5,69.6,535.8,Drip,1.17
Mustard,21.2,7.6,5.2,6.5,20.0,41.3,463.4,Rainfed,0.8
Mustard,81.4,48.5,24.1,7.25,25.1,58.7,260.2,Drip,1.19
Mustard,91.6,34.7,46.2,6.48,10.8,66.8,535.0,Flood,0.91
Mustard,97.5,46.5,51.2,6.36,13.0,64.5,344.6,Rainfed,0.84
Mustard,109.7,60.9,38.4,7.15,11.7,65.5,305.1,Flood,0.88
Mustard,98.4,50.5,45.5,6.07,21.7,59.2,279.8,Sprinkler,0.99
Mustard,113.0,49.2,49.0,5.98,27.6,36.3,474.2,Drip,1.01
Mustard,77.3,42.4,40.0,4.63,20.6,55.5,558.2,Flood,0.97
Mustard,51.5,48.5,36.4,6.5,15.9,42.3,276.1,Drip,1.2
Mustard,110.8,47.5,38.7,6.49,12.4,52.9,511.3,Flood,0.92
Mustard,61.1,31.4,36.6,6.89,13.9,58.5,379.9,Sprinkler,1.19
Mustard,113.6,59.5,34.5,6.73,17.9,36.1,286.3,Drip,1.13
Mustard,72.5,23.9,41.0,7.05,23.0,59.0,284.0,Drip,1.18
Mustard,77.7,59.9,36.2,6.92,15.8,73.3,518.4,Drip,1.29
Mustard,68.9,22.6,32.0,7.32,19.1,60.6,532.7,Flood,0.98
Mustard,62.9,40.6,35.6,6.63,24.3,33.1,51.8,Rainfed,0.52
Mustard,81.0,52.9,42.1,6.75,21.1,57.1,273.4,Rainfed,0.85
Mustard,113.5,50.2,38.9,6.8,22.6,61.6,669.5,Sprinkler,0.95
Mustard,101.0,54.8,22.9,6.2,27.3,52.8,470.2,Drip,1.18
Mustard,65.3,25.3,49.3,7.53,24.2,62.8,468.1,Flood,0.94
Mustard,101.7,34.3,31.7,7.18,16.7,54.8,536.2,Sprinkler,1.11
Mustard,53.0,60.6,27.9,7.37,19.4,38.6,502.9,Rainfed,0.85
Mustard,86.7,26.4,26.0,7.25,34.2,51.2,381.2,Rainfed,0.78
Mustard,43.3,56.2,34.8,6.03,11.2,37.5,334.0,Sprinkler,0.92
Mustard,108.0,56.2,28.4,6.34,27.8,62.3,358.6,Drip,1.18
Mustard,56.9,24.8,31.1,6.22,20.4,63.0,361.6,Flood,0.99
Mustard,88.5,47.8,26.7,7.04,16.9,48.5,350.4,Drip,1.25
Mustard,107.8,36.0,18.0,5.75,12.5,39.4,589.0,Drip,1.05
Mustard,45.6,33.7,25.1,6.28,13.4,59.7,544.6,Drip,1.1
Mustard,102.6,59.1,45.7,6.01,28.0,61.9,465.5,Rainfed,0.76
Mustard,92.7,56.5,30.4,7.14,13.4,74.5,506.3,Flood,1.04
Mustard,85.3,53.9,21.0,6.45,19.8,48.4,360.8,Drip,1.25
Mustard,83.8,34.8,33.7,6.67,13.8,42.7,78.5,Rainfed,0.59
Mustard,57.3,49.9,41.6,6.79,13.5,23.4,90.7,Rainfed,0.56
Tomato,95.6,43.2,79.8,5.75,30.9,69.7,822.1,Sprinkler,17.65
Tomato,143.3,64.5,78.9,5.7,17.1,74.9,730.5,Sprinkler,18.67
Tomato,124.9,66.0,65.0,7.18,26.4,53.7,827.2,Sprinkler,21.5
Tomato,135.3,69.9,95.6,5.08,20.8,57.9,760.8,Flood,17.57
Tomato,153.1,78.1,131.6,7.11,18.4,60.6,378.9,Sprinkler,18.06
Tomato,151.5,58.8,64.3,7.16,20.5,84.9,482.3,Flood,17.07
Tomato,135.2,94.4,79.8,6.0,18.8,60.8,681.3,Flood,18.1
Tomato,150.4,74.7,103.3,6.83,18.3,57.7,736.8,Drip,22.37
Tomato,125.2,65.7,64.7,6.45,21.4,53.5,1056.2,Drip,21.02
Tomato,133.2,82.6,119.0,6.79,17.3,67.2,548.7,Sprinkler,19.8
Tomato,155.8,57.6,68.5,7.42,33.1,89.7,769.2,Drip,19.71
Tomato,86.8,90.0,56.1,5.9,23.8,65.2,1072.6,Rainfed,13.14
Tomato,131.5,66.4,104.4,5.08,20.5,60.9,633.9,Flood,18.33
Tomato,82.2,63.2,76.1,5.89,22.5,62.0,816.8,Flood,17.63
Tomato,148.2,51.4,128.9,5.97,19.5,54.3,583.0,Sprinkler,19.47
Tomato,155.5,87.4,100.5,6.9,29.4,55.3,504.3,Flood,16.48
Tomato,115.8,102.3,69.8,6.45,22.8,87.2,565.5,Sprinkler,20.78
Tomato,105.7,92.0,130.3,5.83,29.6,60.2,486.2,Sprinkler,17.52
Tomato,114.4,44.9,130.1,7.02,20.9,69.9,380.0,Drip,21.55
Tomato,37.3,10.3,33.9,6.63,28.1,81.7,895.4,Drip,19.77
Tomato,94.1,78.2,86.5,6.88,33.1,71.1,926.9,Flood,16.18
Tomato,136.8,65.7,119.9,6.25,19.2,71.8,767.7,Flood,17.61
Tomato,154.7,61.5,101.1,6.08,22.9,84.3,515.5,Flood,18.17
Tomato,139.3,85.2,81.0,6.55,23.3,87.9,590.4,Drip,23.23
Tomato,140.8,85.0,131.4,7.29,21.2,68.2,898.0,Rainfed,13.66
Tomato,110.9,71.8,129.7,7.14,20.4,63.0,614.1,Rainfed,14.25
Tomato,150.8,72.0,51.9,6.96,23.0,75.3,796.8,Sprinkler,19.77
Tomato,141.3,43.1,75.8,6.04,19.0,79.1,532.5,Sprinkler,19.85
Tomato,133.2,63.2,96.2,6.99,19.3,37.8,92.0,Rainfed,10.16
Tomato,92.6,53.9,91.3,6.71,28.2,26.5,159.4,Rainfed,9.89
Tomato,124.4,88.9,96.7,5.83,21.9,53.5,1072.0,Drip,19.29
Tomato,96.7,90.4,60.6,7.31,31.1,77.2,408.5,Drip,19.91
Tomato,88.2,52.0,98.3,6.19,20.0,73.0,628.3,Drip,20.55
Tomato,86.4,80.4,89.0,6.43,20.2,51.2,970.3,Drip,21.57
Tomato,167.5,77.0,85.6,6.18,32.8,77.3,839.0,Sprinkler,19.03
Tomato,134.1,68.7,51.6,7.15,18.2,70.4,602.1,Drip,21.97
Tomato,172.2,67.4,66.9,6.8,20.3,54.2,396.1,Drip,19.38
Tomato,96.4,89.1,119.7,4.9,21.6,83.6,546.2,Drip,17.95
Tomato,146.4,72.1,62.5,5.89,29.1,59.5,459.2,Sprinkler,18.52
Tomato,156.6,51.5,104.7,7.42,31.1,52.5,590.3,Drip,20.88
Tomato,171.2,56.8,109.3,7.21,20.2,57.5,368.1,Sprinkler,17.41
Tomato,151.4,79.8,95.7,6.77,17.7,69.1,1074.3,Drip,19.7
Tomato,104.9,75.4,100.9,6.74,31.3,65.6,731.8,Drip,22.51
Tomato,102.0,43.2,64.5,7.47,21.8,54.4,445.5,Drip,20.47
Tomato,18.6,6.4,17.8,6.74,27.0,63.0,836.9,Rainfed,11.62
Tomato,133.0,81.0,64.8,6.21,19.8,71.6,692.0,Drip,22.04
Tomato,85.5,102.0,61.1,7.09,22.6,84.6,413.4,Sprinkler,18.6
Tomato,115.0,55.7,95.5,7.2,30.6,27.0,125.0,Rainfed,11.27
Tomato,94.2,85.6,71.9,6.91,22.9,69.2,581.1,Rainfed,16.14
Tomato,99.8,84.1,68.0,6.85,17.7,74.8,729.7,Drip,22.14
Tomato,119.4,55.7,81.7,6.59,17.6,88.3,839.2,Drip,22.09
Tomato,103.1,87.2,113.9,6.69,20.3,60.1,635.7,Drip,23.36
Tomato,142.2,93.2,79.9,6.12,31.0,85.6,655.2,Drip,22.42
Tomato,125.3,65.1,105.0,6.51,27.5,32.9,82.3,Rainfed,11.22
Tomato,147.2,101.9,84.1,5.82,33.8,75.0,1041.4,Drip,17.5
Tomato,161.0,73.1,67.2,5.93,26.6,70.3,860.2,Drip,20.95
Tomato,78.6,79.7,87.8,7.36,27.6,65.9,549.8,Rainfed,14.97
Tomato,96.0,93.3,68.8,6.15,19.5,56.3,1046.4,Sprinkler,17.99
Tomato,168.1,56.6,51.5,6.78,25.1,69.1,404.6,Sprinkler,18.59
Tomato,51.4,5.7,10.1,6.93,19.8,63.1,654.7,Sprinkler,16.08
Tomato,119.2,101.0,104.0,6.08,28.4,58.2,604.3,Drip,22.02
Tomato,52.0,24.8,16.7,6.08,19.4,55.0,450.9,Sprinkler,16.08
Tomato,117.2,61.7,130.6,5.78,20.2,82.3,960.4,Drip,19.87
Tomato,90.9,60.3,101.5,7.19,22.5,63.9,697.0,Sprinkler,19.56
Tomato,107.9,78.3,84.9,6.99,19.0,60.3,666.8,Flood,19.23
Tomato,115.1,74.0,108.7,5.01,27.4,74.2,877.1,Rainfed,14.09
Tomato,109.8,78.7,102.2,6.74,26.3,62.5,672.8,Sprinkler,21.55
Tomato,165.1,88.7,58.3,6.54,23.8,63.5,713.8,Sprinkler,21.12
Tomato,139.6,54.3,90.5,6.88,27.8,39.0,109.5,Rainfed,10.26
Tomato,134.9,46.8,56.7,7.44,18.7,61.8,912.7,Sprinkler,16.88
Tomato,45.3,15.5,24.0,6.49,25.7,56.9,618.3,Rainfed,13.26
Tomato,91.2,48.8,96.5,6.92,18.0,86.7,522.6,Drip,21.43
Tomato,140.8,73.7,84.1,6.32,26.0,71.0,801.4,Rainfed,16.11
Tomato,107.5,70.6,100.2,4.93,27.9,61.2,502.2,Sprinkler,18.75
Tomato,142.6,52.7,64.6,5.79,23.4,82.4,713.0,Sprinkler,19.46
Tomato,112.1,60.9,116.8,6.38,18.9,24.2,161.4,Rainfed,10.08
Tomato,151.3,91.8,122.6,6.69,19.2,55.9,773.3,Sprinkler,19.51
Tomato,79.6,44.5,113.8,6.05,27.7,71.9,1066.9,Flood,17.53
Tomato,135.7,49.7,84.6,7.02,27.2,69.4,487.1,Flood,18.68
Tomato,112.3,45.0,71.2,7.3,30.7,73.0,695.8,Sprinkler,19.4
Tomato,138.4,61.3,123.9,6.96,21.9,83.2,710.9,Drip,22.78
Tomato,154.0,82.5,63.3,5.87,22.2,84.2,1052.5,Drip,19.06
Tomato,131.6,44.4,98.2,7.15,21.0,85.9,530.1,Drip,21.73
Tomato,153.0,74.9,92.8,7.15,23.6,82.1,432.5,Sprinkler,19.6
Tomato,162.8,56.2,103.6,6.48,22.9,54.3,456.6,Flood,17.54
Tomato,84.3,80.6,126.5,7.21,22.7,79.8,667.8,Flood,18.95
Tomato,149.9,47.3,102.3,6.69,27.0,77.8,1021.0,Flood,17.74
Tomato,122.0,71.0,82.0,6.51,24.7,23.8,97.4,Rainfed,10.94
Tomato,94.0,87.0,107.7,5.8,16.4,64.1,858.4,Drip,20.22
Tomato,86.1,77.7,56.4,6.02,21.9,78.3,1061.2,Drip,20.27
Tomato,101.4,83.7,82.9,6.57,26.2,77.4,403.2,Sprinkler,19.95
Tomato,142.3,51.3,101.4,4.67,31.2,82.2,710.8,Flood,15.85
Tomato,151.1,88.6,122.0,6.1,29.1,64.2,840.1,Drip,20.56
Tomato,154.0,71.4,93.2,6.99,22.5,64.1,905.0,Flood,17.47
Tomato,148.5,78.6,64.8,6.71,35.1,71.7,607.6,Flood,17.66
Tomato,162.3,54.2,58.6,6.83,23.1,56.5,444.3,Sprinkler,17.82
Tomato,172.3,67.3,69.5,6.83,20.4,69.8,707.5,Sprinkler,19.82
Tomato,152.5,62.8,66.7,6.2,22.0,72.3,393.4,Rainfed,11.27
Tomato,96.6,60.3,110.3,6.74,21.2,41.8,154.1,Rainfed,10.73
Tomato,124.6,65.3,70.5,6.7,32.0,73.8,1022.1,Sprinkler,19.52
Tomato,138.8,83.4,107.1,6.1,18.6,89.1,392.6,Sprinkler,17.34
Tomato,148.1,97.7,85.4,6.72,32.1,89.8,1057.9,Flood,15.66
Tomato,139.5,83.6,104.8,6.34,27.0,64.5,652.8,Rainfed,16.71
Tomato,106.8,77.1,68.6,4.15,19.6,59.2,547.3,Drip,19.19
Tomato,92.4,73.2,107.7,5.78,21.2,82.4,734.6,Drip,22.23
Tomato,132.6,52.7,95.2,4.72,22.2,57.4,877.2,Flood,15.22
Tomato,109.5,66.8,76.3,6.98,27.7,67.6,646.5,Sprinkler,21.24
Tomato,107.3,75.9,118.3,6.41,33.0,83.1,1069.1,Flood,16.32
Tomato,134.0,50.4,113.8,6.78,25.1,77.7,679.7,Sprinkler,22.7
Tomato,157.2,90.4,52.2,7.34,20.9,85.5,501.8,Sprinkler,17.65
Tomato,138.0,67.9,110.0,6.69,21.0,75.9,507.1,Flood,18.69
Tomato,105.6,74.0,107.1,7.44,31.0,78.7,704.9,Sprinkler,19.81
Tomato,140.9,65.4,87.7,6.33,21.8,56.9,726.2,Rainfed,17.59
Tomato,153.2,88.3,118.1,6.6,22.4,87.3,399.1,Drip,20.64
Tomato,135.4,43.0,113.6,6.71,24.7,66.9,734.0,Drip,23.1
Tomato,133.0,71.8,100.7,6.71,21.5,53.9,1005.7,Sprinkler,19.7
Tomato,121.0,88.6,101.9,5.8,32.0,62.2,459.3,Drip,20.98
Tomato,164.4,63.8,99.8,6.82,33.6,62.5,1048.6,Drip,19.99
Tomato,137.3,92.3,53.5,5.84,17.3,73.7,794.1,Rainfed,13.37
Tomato,116.7,84.7,82.6,6.42,24.2,22.5,100.4,Rainfed,10.82
Tomato,96.2,54.9,102.1,6.8,36.5,79.4,508.0,Drip,20.07
Tomato,77.8,87.1,128.4,6.02,22.2,72.4,849.5,Flood,16.9
Tomato,111.4,92.6,135.0,6.11,17.3,67.1,994.6,Drip,19.13
Tomato,114.3,70.0,115.4,6.76,33.3,63.3,749.9,Flood,18.15
Tomato,121.2,84.3,125.9,6.45,25.6,89.0,390.6,Sprinkler,19.93
Tomato,154.0,44.5,55.2,7.06,22.7,73.0,554.6,Drip,21.16
Tomato,100.2,69.8,116.0,6.7,27.0,68.8,593.8,Drip,24.31
Tomato,121.5,81.8,69.3,7.25,31.6,62.8,754.4,Sprinkler,19.09
Tomato,164.0,87.6,109.5,6.64,17.5,54.3,575.3,Drip,21.12
Tomato,155.0,92.1,69.8,6.51,21.7,88.8,991.3,Drip,21.01
Tomato,127.3,59.5,122.7,7.17,29.0,77.6,754.1,Drip,22.15
Tomato,94.4,64.0,97.4,6.23,20.1,27.3,54.2,Rainfed,10.12
Tomato,101.3,50.1,111.8,7.22,16.4,59.3,1040.6,Sprinkler,16.98
Tomato,124.1,56.5,64.2,6.66,24.6,23.0,158.6,Rainfed,11.12
Tomato,101.5,90.6,130.4,6.25,30.0,76.1,1072.6,Drip,19.32
Tomato,110.9,58.9,111.3,6.76,21.5,55.3,588.5,Sprinkler,21.15
Tomato,110.8,45.5,91.4,7.21,19.2,55.8,699.7,Sprinkler,20.54
Tomato,142.5,67.9,76.0,6.67,31.9,85.1,680.8,Drip,23.15
Tomato,140.6,60.6,81.5,6.97,19.7,68.8,505.1,Rainfed,14.75
Tomato,152.9,83.8,95.3,7.19,20.1,83.2,559.0,Sprinkler,19.41
Tomato,102.7,61.8,102.4,6.82,29.2,60.5,608.5,Rainfed,16.05
Tomato,142.6,42.5,56.2,6.48,33.2,85.6,1075.7,Sprinkler,16.61
Tomato,105.0,67.1,87.3,6.36,31.9,78.0,761.6,Rainfed,16.01
Tomato,116.1,73.0,55.1,6.21,22.6,75.0,694.2,Sprinkler,21.92
Tomato,80.6,58.3,65.9,6.04,25.1,79.6,556.4,Flood,17.9
Tomato,87.7,87.9,65.4,6.94,23.6,87.1,694.4,Drip,23.14
Tomato,152.9,82.0,135.1,7.22,25.5,58.3,362.7,Rainfed,10.45
Tomato,146.5,77.8,124.3,5.84,32.1,65.7,706.1,Sprinkler,19.15
Tomato,133.9,85.8,96.7,6.93,22.1,87.5,406.5,Sprinkler,19.73
Tomato,166.4,43.3,85.0,7.11,19.4,82.6,979.0,Flood,15.43
Tomato,101.0,51.5,111.4,6.63,37.0,63.7,695.1,Flood,16.73
Tomato,158.5,56.2,95.2,6.87,26.2,64.6,822.4,Drip,22.56
Tomato,127.6,43.8,95.2,6.88,29.7,54.5,1073.2,Sprinkler,17.86
Tomato,161.1,74.3,108.5,6.34,23.0,61.4,868.1,Sprinkler,19.54
Tomato,113.0,87.6,118.8,5.01,31.9,63.0,829.3,Rainfed,13.71
Tomato,142.6,88.7,69.0,6.82,26.4,87.7,527.3,Drip,23.38
Tomato,147.6,59.8,100.7,5.81,33.3,54.4,408.7,Drip,18.83
Tomato,162.8,58.4,105.7,5.78,23.0,61.7,524.6,Sprinkler,18.94
Tomato,140.7,85.7,60.3,6.89,38.3,72.2,661.1,Flood,17.44
Tomato,129.3,77.8,80.5,6.38,29.0,21.3,148.7,Rainfed,10.63
Tomato,126.6,98.0,92.2,6.02,22.5,86.2,1075.5,Sprinkler,18.25
Tomato,131.4,80.9,123.7,6.98,20.7,65.8,964.7,Sprinkler,18.52
Tomato,129.6,86.3,74.1,6.65,25.5,81.2,472.7,Rainfed,15.31
Tomato,136.9,56.7,108.7,4.01,25.4,70.5,730.7,Flood,16.86
Tomato,107.1,65.9,89.3,6.46,28.0,80.7,597.0,Rainfed,16.54
Tomato,103.2,58.3,110.0,6.78,19.0,85.4,849.6,Sprinkler,19.65
Tomato,87.3,71.1,65.7,5.77,22.1,56.0,816.1,Flood,17.42
Tomato,157.0,86.7,72.5,7.0,20.4,58.6,753.9,Flood,16.49
Tomato,16.7,28.7,12.7,6.6,20.3,65.0,570.1,Sprinkler,16.0
Tomato,104.0,63.2,95.9,6.0,30.5,55.8,706.3,Flood,18.15
Tomato,111.2,71.5,124.8,7.48,27.4,81.7,370.4,Flood,17.01
Tomato,125.7,60.0,125.1,6.77,26.4,76.4,976.3,Flood,18.46
Tomato,120.4,85.3,62.4,4.78,24.7,59.6,784.5,Drip,19.97
Tomato,149.5,61.5,112.1,6.59,21.8,66.5,1004.7,Sprinkler,20.63
Tomato,110.3,55.6,98.4,5.97,30.7,59.0,790.6,Drip,21.61
Tomato,150.3,86.0,123.0,5.88,28.2,60.6,925.8,Rainfed,14.13
Tomato,87.5,65.0,82.7,5.92,17.8,65.4,1074.3,Sprinkler,17.05
Tomato,168.3,78.4,56.7,6.59,33.9,65.5,787.6,Drip,22.12
Tomato,112.0,74.8,115.5,6.69,26.9,74.3,725.6,Rainfed,16.55
Tomato,124.5,62.7,91.4,4.59,21.5,63.8,793.1,Drip,19.72
Tomato,159.1,67.7,104.3,6.86,29.5,70.8,727.4,Sprinkler,19.91
Tomato,102.4,76.0,82.3,6.67,23.3,83.5,412.7,Sprinkler,21.5
Tomato,113.3,68.2,120.6,6.21,31.7,85.9,828.4,Flood,18.21
Tomato,103.6,51.9,76.0,6.81,19.3,86.4,655.9,Flood,20.13
Tomato,105.5,69.6,116.8,6.47,27.0,67.8,471.1,Rainfed,15.38
Tomato,148.8,65.6,106.7,5.9,28.6,82.9,951.7,Drip,20.51
Tomato,126.6,101.5,131.1,6.35,30.0,86.9,547.9,Flood,17.08
Tomato,19.9,8.8,25.0,6.71,18.1,63.5,739.6,Drip,16.72
Tomato,163.8,73.6,113.5,7.35,27.6,77.0,879.4,Drip,21.26
Tomato,162.6,80.3,87.8,6.82,23.2,83.5,707.3,Rainfed,16.27
Tomato,139.9,103.4,63.8,7.03,18.5,83.6,789.4,Rainfed,14.49
Tomato,92.7,50.4,100.1,5.79,31.7,82.3,925.5,Drip,18.87
Tomato,110.5,63.8,68.1,4.81,27.1,58.0,660.3,Flood,17.61
Tomato,93.5,58.4,131.2,7.37,24.0,51.9,580.7,Drip,22.64
Tomato,107.0,93.1,51.3,6.86,28.0,76.4,734.8,Sprinkler,20.69
Tomato,140.3,73.0,117.4,6.52,20.5,69.2,646.4,Rainfed,16.51
Tomato,154.1,82.5,67.1,7.02,26.7,73.1,848.3,Sprinkler,20.99
Tomato,98.2,72.8,90.9,5.77,31.0,65.1,412.3,Sprinkler,18.25
Tomato,108.2,80.2,88.4,5.08,29.2,82.0,546.4,Drip,20.25
Tomato,157.2,97.6,133.2,7.28,29.2,51.0,586.8,Drip,20.53
Tomato,111.2,77.3,71.1,6.46,23.3,25.9,163.9,Rainfed,10.2
Tomato,95.2,76.8,109.3,6.8,23.9,63.7,634.3,Rainfed,16.95
Tomato,140.4,99.1,57.1,7.42,32.4,54.7,492.2,Drip,18.52
Tomato,13.3,13.3,20.4,6.07,19.2,62.9,615.2,Rainfed,11.79
Tomato,170.6,51.0,112.7,6.45,32.5,66.3,681.1,Drip,20.74
Tomato,149.1,83.4,60.9,6.74,21.6,58.1,767.5,Rainfed,14.51
Tomato,98.7,64.4,84.1,6.39,31.7,81.4,842.8,Rainfed,15.5
Tomato,156.4,73.1,65.0,7.3,24.8,88.7,543.5,Rainfed,15.14
Tomato,125.6,77.7,103.2,4.57,19.1,69.9,600.6,Rainfed,14.58
Tomato,155.9,68.0,66.3,6.33,20.4,59.1,563.4,Drip,22.32
Tomato,132.2,82.1,80.9,7.09,18.3,72.8,558.3,Sprinkler,20.42
Tomato,147.8,53.2,74.9,7.35,23.9,87.6,642.6,Rainfed,15.07
Tomato,139.9,43.0,85.8,7.34,31.9,57.5,647.4,Flood,18.14
Tomato,163.6,49.7,63.6,5.85,32.8,69.0,406.3,Drip,18.57
Tomato,154.2,87.4,111.0,5.74,32.4,58.6,812.9,Drip,20.81
Tomato,141.1,54.1,73.0,6.51,29.8,62.6,898.7,Rainfed,15.64
Tomato,113.6,49.9,110.2,6.14,27.3,58.9,639.3,Flood,18.5
Tomato,136.8,48.0,91.5,6.17,24.4,81.1,473.9,Drip,22.55
Tomato,167.9,88.1,52.7,6.42,20.6,75.5,690.7,Rainfed,15.32
Tomato,155.8,67.3,110.8,6.25,23.8,85.8,1043.9,Flood,16.41
Tomato,155.2,44.1,59.9,6.89,21.2,88.1,674.0,Sprinkler,20.67
Tomato,97.0,89.7,78.9,6.02,27.4,53.6,1059.4,Sprinkler,18.78
Tomato,109.0,101.7,63.7,5.77,16.6,68.6,419.8,Sprinkler,16.43
Tomato,92.2,89.3,101.6,7.35,22.6,89.3,774.6,Rainfed,14.2
Tomato,127.6,79.1,113.1,6.76,18.3,23.0,71.0,Rainfed,10.43
Tomato,106.5,88.6,86.9,5.82,26.5,55.2,771.6,Flood,18.02
Tomato,82.9,61.0,107.8,6.27,24.1,50.8,859.3,Flood,18.23
Tomato,166.5,97.5,137.0,7.25,25.8,78.6,1054.6,Sprinkler,16.9
Tomato,167.0,77.3,64.8,5.98,18.1,69.1,705.7,Sprinkler,19.25
Tomato,160.4,48.6,103.4,6.87,29.9,70.1,502.0,Sprinkler,19.1
Tomato,116.7,74.8,105.4,7.22,32.4,68.5,423.8,Flood,18.75
Tomato,140.6,96.8,133.8,7.39,30.6,85.6,395.8,Flood,14.76
Tomato,119.8,84.6,117.0,6.39,23.9,76.6,585.2,Rainfed,16.25
Tomato,88.2,60.4,73.5,7.21,19.5,82.3,931.7,Sprinkler,18.46
Tomato,20.6,25.7,34.7,6.07,21.3,60.7,752.9,Sprinkler,16.14
Tomato,166.9,72.7,81.8,6.45,22.0,58.5,805.3,Sprinkler,20.99
Tomato,85.7,91.1,66.2,5.91,27.2,65.9,403.1,Sprinkler,18.62
Tomato,94.9,81.0,128.2,6.86,30.6,70.9,876.9,Flood,18.03
Tomato,163.8,68.8,129.7,6.82,31.7,51.6,833.7,Flood,17.43
Tomato,104.1,67.2,100.5,6.63,16.7,53.9,432.3,Drip,20.94
Tomato,91.4,58.6,79.6,6.03,38.3,73.9,552.4,Sprinkler,18.12
Tomato,125.2,75.5,55.5,6.9,20.9,50.8,407.8,Rainfed,12.27
Tomato,159.8,101.0,133.1,7.29,32.1,61.6,469.1,Sprinkler,16.34
Tomato,130.5,95.1,104.0,6.73,23.9,68.5,1047.2,Drip,21.42
Tomato,139.5,68.9,75.6,6.22,20.2,63.8,987.6,Sprinkler,18.85
Tomato,91.1,73.9,61.9,6.65,37.7,62.3,598.4,Rainfed,13.7
Tomato,106.4,69.6,122.2,6.15,21.6,83.8,714.8,Flood,18.05
Tomato,121.9,86.7,93.2,6.06,38.5,57.7,577.0,Sprinkler,17.81
Tomato,13.4,14.1,36.0,6.35,20.2,71.5,683.7,Rainfed,13.42
Tomato,16.2,22.4,15.0,6.96,31.6,56.3,896.9,Sprinkler,15.04
Tomato,139.9,42.9,74.1,7.33,27.6,89.3,472.3,Drip,19.84
Tomato,119.1,81.7,78.1,5.84,28.8,68.4,760.7,Sprinkler,19.64
Tomato,130.1,98.8,95.4,6.23,22.4,70.9,741.6,Flood,19.17
Tomato,141.5,71.9,137.3,6.43,17.9,82.9,512.8,Flood,16.79
Tomato,12.4,18.5,15.4,7.07,25.8,77.8,759.2,Drip,17.72
Tomato,127.0,71.2,113.5,6.08,30.2,67.2,451.7,Drip,22.13
Tomato,90.5,53.7,77.1,6.11,30.5,80.6,886.9,Rainfed,14.9
Tomato,167.4,96.0,125.9,6.91,16.0,67.2,817.7,Sprinkler,18.48
Tomato,155.1,79.0,52.9,6.36,20.1,63.6,804.5,Drip,21.3
Tomato,79.4,94.3,84.4,5.91,26.2,88.1,750.6,Flood,17.64
Tomato,153.2,47.0,115.5,7.41,28.6,83.5,709.6,Drip,20.92
Tomato,170.0,92.5,137.4,6.33,32.1,63.2,445.0,Sprinkler,18.63
Tomato,165.0,72.5,131.7,5.84,30.9,80.4,878.4,Sprinkler,17.71
Tomato,129.5,52.1,56.6,6.36,32.8,71.2,937.6,Sprinkler,19.47
Tomato,112.0,46.0,118.9,6.97,25.5,63.1,495.6,Sprinkler,20.75
Tomato,128.3,49.1,111.5,7.02,16.2,60.8,426.3,Rainfed,11.54
Tomato,121.2,70.7,134.9,6.89,19.0,67.9,917.4,Sprinkler,19.24
Tomato,156.4,87.4,124.9,7.36,30.1,60.5,565.5,Sprinkler,18.1
Tomato,100.4,88.4,54.0,7.01,30.8,52.6,404.5,Drip,20.26
Tomato,137.4,64.3,94.4,6.85,18.1,59.2,1001.2,Drip,20.05
Tomato,100.6,45.0,94.5,7.31,30.7,60.1,1015.2,Sprinkler,19.52
Tomato,102.7,87.3,98.6,7.05,22.6,40.7,99.2,Rainfed,9.57
Tomato,164.0,48.1,133.0,6.53,33.9,71.6,905.4,Drip,20.37
Tomato,91.7,68.1,87.5,5.89,24.0,82.3,576.1,Sprinkler,20.63
Tomato,79.5,78.6,115.7,7.07,28.9,79.1,402.5,Sprinkler,18.4
Tomato,114.7,87.6,106.0,5.16,31.0,69.4,789.6,Rainfed,13.89
Tomato,124.0,86.5,127.1,5.76,25.8,89.6,717.3,Flood,18.64
Tomato,117.9,72.2,58.1,5.78,24.4,83.7,1030.6,Flood,16.55
Tomato,147.0,85.3,117.9,6.61,24.2,56.4,967.5,Drip,21.9
Tomato,152.0,65.0,113.1,7.38,25.7,68.5,758.2,Drip,20.97
Tomato,153.0,85.5,102.3,7.45,21.4,61.3,534.3,Flood,17.38
Tomato,110.0,44.9,73.1,6.75,30.6,81.1,489.2,Drip,22.37
Tomato,83.8,66.5,59.2,6.72,22.5,58.1,788.5,Sprinkler,20.82
Tomato,102.8,53.9,57.5,6.65,31.0,60.0,691.7,Drip,22.05
Tomato,78.0,98.1,109.9,6.3,31.9,57.3,416.7,Rainfed,10.41
Tomato,170.6,88.5,60.2,7.23,18.7,77.7,720.3,Flood,16.61
Tomato,153.7,93.4,124.7,6.44,32.0,78.8,964.1,Rainfed,13.46
Tomato,84.8,75.5,125.7,5.73,32.9,89.1,592.0,Flood,15.92
Tomato,118.9,84.4,72.8,6.81,29.0,61.1,818.2,Rainfed,15.86
Tomato,127.6,79.0,52.2,6.64,26.4,76.8,482.0,Drip,23.1
Tomato,92.6,67.9,72.8,6.68,33.8,84.1,554.0,Sprinkler,20.01
Tomato,128.7,42.8,137.9,7.07,20.4,77.4,571.2,Drip,20.85
Tomato,135.4,48.0,96.1,6.63,27.3,59.8,374.9,Drip,22.96
Tomato,96.0,84.4,59.5,6.04,25.2,78.3,978.2,Flood,16.49
Tomato,139.5,71.0,117.9,6.01,29.5,28.4,134.6,Rainfed,9.22
Tomato,86.4,52.1,128.6,5.91,22.9,79.3,929.9,Rainfed,14.55
Tomato,157.6,100.4,99.2,6.32,29.7,56.5,409.1,Flood,16.66
Tomato,100.7,68.8,116.0,6.41,38.8,55.4,770.0,Rainfed,14.85
Tomato,144.3,55.9,75.7,7.19,20.2,76.6,776.3,Rainfed,14.29
Tomato,101.2,76.5,89.6,6.46,22.2,43.7,116.1,Rainfed,11.11
Soybean,61.1,78.6,72.7,5.92,32.4,58.4,1104.6,Flood,1.14
Soybean,25.4,84.2,30.9,7.62,22.7,68.0,536.1,Drip,1.44
Soybean,41.7,42.5,69.3,5.72,31.2,63.8,869.6,Drip,1.66
Soybean,35.6,52.8,45.7,7.04,36.3,72.5,1027.6,Sprinkler,1.63
Soybean,35.3,73.7,56.0,6.88,23.6,65.3,676.0,Rainfed,1.28
Soybean,61.8,72.7,41.7,5.9,27.2,79.4,1150.7,Sprinkler,1.44
Soybean,48.6,84.6,45.8,6.7,29.6,80.1,1088.6,Drip,1.71
Soybean,59.3,92.9,64.1,6.14,30.4,49.0,1173.0,Drip,1.52
Soybean,46.9,85.4,52.7,5.83,30.0,60.3,702.6,Rainfed,1.25
Soybean,53.6,84.1,57.9,7.8,25.8,73.2,1094.2,Sprinkler,1.46
Soybean,62.0,44.3,42.0,6.72,18.0,81.0,674.7,Drip,1.57
Soybean,55.8,86.3,64.0,5.89,19.4,57.3,469.5,Sprinkler,1.35
Soybean,44.6,59.0,49.4,6.4,21.3,71.0,992.2,Flood,1.46
Soybean,23.6,48.6,65.5,6.19,24.0,50.8,600.0,Flood,1.36
Soybean,40.1,50.9,58.9,7.23,24.1,76.4,636.7,Flood,1.44
Soybean,26.4,51.9,42.0,6.57,33.4,52.8,1236.8,Flood,1.27
Soybean,60.3,84.1,64.3,6.62,26.7,82.3,750.2,Drip,1.77
Soybean,24.4,76.8,37.7,7.6,19.9,78.7,512.6,Drip,1.58
Soybean,13.0,12.0,7.3,6.11,27.6,67.1,816.7,Sprinkler,1.36
Soybean,58.8,46.0,66.9,7.34,33.3,57.5,1187.6,Sprinkler,1.3
Soybean,39.1,66.1,52.4,6.45,31.5,70.3,1005.6,Drip,1.79
Soybean,35.9,58.9,57.0,6.34,39.1,53.3,743.0,Sprinkler,1.52
Soybean,27.8,97.3,40.4,7.13,21.9,67.0,756.8,Rainfed,1.28
Soybean,62.8,48.1,66.6,6.5,28.1,60.0,768.9,Drip,1.6
Soybean,44.2,53.0,52.2,7.74,30.1,64.2,1191.2,Sprinkler,1.44
Soybean,43.7,72.3,55.8,6.21,39.3,65.3,721.3,Flood,1.3
Soybean,29.1,96.6,44.1,6.99,19.3,58.8,1097.9,Sprinkler,1.45
Soybean,62.5,67.6,53.3,7.45,21.8,79.5,925.4,Flood,1.38
Soybean,11.6,25.1,11.6,6.41,32.4,73.0,1042.8,Rainfed,0.9
Soybean,48.9,66.7,68.1,5.99,32.4,46.0,1057.6,Sprinkler,1.47
Soybean,38.6,90.3,40.9,6.28,23.1,76.0,846.1,Sprinkler,1.65
Soybean,54.5,62.4,33.7,6.99,20.4,32.1,96.2,Rainfed,0.77
Soybean,22.0,45.4,26.3,7.0,27.5,54.3,970.2,Flood,1.41
Soybean,22.7,63.2,50.5,7.24,22.9,84.3,1001.3,Sprinkler,1.5
Soybean,13.6,22.7,12.7,6.54,30.5,78.1,984.9,Sprinkler,1.39
Soybean,56.3,96.4,55.4,6.0,24.5,45.4,934.2,Flood,1.3
Soybean,54.3,86.7,67.4,6.26,32.8,71.2,677.6,Rainfed,1.11
Soybean,32.2,65.5,34.6,6.79,26.4,53.5,991.7,Drip,1.87
Soybean,36.7,69.3,56.5,6.96,38.0,60.4,931.5,Rainfed,1.22
Soybean,55.0,61.7,43.5,6.23,37.4,62.7,692.2,Flood,1.26
Soybean,23.1,59.1,42.0,5.89,28.5,58.9,955.9,Drip,1.71
Soybean,45.8,51.2,48.5,4.78,29.9,64.1,1026.7,Drip,1.57
Soybean,28.4,62.4,29.0,5.99,29.3,72.7,995.1,Sprinkler,1.49
Soybean,31.6,48.0,52.5,6.36,26.9,53.2,1127.3,Rainfed,1.21
Soybean,56.6,90.7,74.6,6.42,30.9,54.2,952.3,Flood,1.26
Soybean,38.9,54.5,52.2,7.51,34.4,74.9,444.6,Drip,1.61
Soybean,36.5,61.8,34.0,7.32,28.0,73.9,735.8,Rainfed,1.17
Soybean,46.9,69.7,66.8,7.59,26.0,54.6,1215.1,Flood,1.27
Soybean,52.6,46.7,28.8,6.02,20.5,61.8,569.1,Flood,1.16
Soybean,53.8,64.6,44.4,7.32,25.6,75.7,564.2,Rainfed,1.25
Soybean,61.3,56.5,38.6,7.02,33.7,52.9,1195.8,Flood,1.29
Soybean,10.8,5.6,14.1,6.28,29.9,73.9,668.3,Drip,1.41
Soybean,30.9,92.9,51.8,6.33,31.2,57.5,1229.9,Rainfed,1.04
Soybean,42.9,89.5,34.6,5.92,19.3,65.3,1165.5,Drip,1.52
Soybean,42.6,81.6,44.4,7.47,38.2,72.7,702.7,Sprinkler,1.56
Soybean,40.1,50.1,58.4,7.72,29.9,77.1,786.7,Drip,1.78
Soybean,12.6,12.6,15.7,7.24,25.4,71.8,773.6,Flood,1.21
Soybean,36.9,92.2,50.3,6.64,31.9,47.0,510.9,Drip,1.73
Soybean,43.3,90.9,50.1,6.17,31.7,56.8,1207.3,Drip,1.58
Soybean,12.3,13.0,15.6,7.31,20.1,69.6,893.0,Flood,1.06
Soybean,51.1,79.8,44.9,5.99,26.5,80.6,824.4,Drip,1.74
Soybean,58.8,52.3,51.9,7.2,24.7,46.6,626.8,Rainfed,1.22
Soybean,55.5,73.2,72.0,7.61,26.2,57.7,933.4,Flood,1.42
Soybean,28.7,58.4,63.1,6.46,20.3,51.9,937.7,Rainfed,1.16
Soybean,37.3,51.0,50.0,6.4,24.4,55.4,491.5,Flood,1.49
Soybean,62.6,95.7,38.9,6.51,30.8,76.1,1186.8,Flood,1.26
Soybean,37.1,65.7,67.4,7.76,18.9,68.2,866.4,Sprinkler,1.5
Soybean,39.9,62.2,46.7,5.85,19.9,69.9,1000.9,Sprinkler,1.59
Soybean,60.9,90.0,46.1,6.16,23.3,68.5,1142.1,Flood,1.38
Soybean,62.1,87.6,64.0,6.79,23.6,45.8,475.6,Drip,1.63
Soybean,26.1,50.4,49.3,6.71,33.6,47.9,1224.9,Drip,1.58
Soybean,34.5,76.3,60.5,5.72,18.6,84.5,815.2,Rainfed,1.16
Soybean,36.9,50.8,73.7,6.93,21.3,72.3,515.5,Flood,1.35
Soybean,12.2,28.8,11.0,6.8,30.5,71.7,859.8,Drip,1.51
Soybean,31.9,71.2,40.1,6.25,31.2,80.6,851.9,Flood,1.47
Soybean,41.9,49.0,61.7,7.46,28.8,51.8,501.1,Drip,1.57
Soybean,46.1,69.7,61.1,6.17,29.3,54.4,580.5,Rainfed,1.16
Soybean,29.6,42.9,62.9,6.03,34.0,68.7,511.3,Drip,1.48
Soybean,35.5,71.9,64.9,7.36,29.9,80.4,603.5,Drip,1.66
Soybean,52.5,64.4,31.9,7.13,31.9,45.5,901.3,Sprinkler,1.6
Soybean,28.0,52.9,61.2,6.83,34.7,54.7,1224.7,Sprinkler,1.4
Soybean,56.2,83.8,57.8,6.06,19.8,45.0,523.5,Flood,1.24
Soybean,31.3,86.4,35.3,6.22,21.8,47.1,599.1,Sprinkler,1.41
Soybean,37.1,96.1,65.3,7.66,27.5,72.1,576.7,Flood,1.3
Soybean,11.1,22.1,7.5,7.26,23.5,61.8,699.0,Sprinkler,1.34
Soybean,38.8,79.6,45.6,6.85,28.0,55.7,718.6,Drip,1.97
Soybean,53.0,52.6,43.3,6.58,23.7,76.9,1034.8,Flood,1.43
Soybean,51.6,80.1,68.3,7.32,20.0,82.1,1000.1,Drip,1.62
Soybean,36.3,87.0,72.6,6.24,32.6,75.9,990.4,Sprinkler,1.47
Soybean,38.7,53.4,56.8,6.57,37.1,64.5,1012.9,Sprinkler,1.46
Soybean,52.2,48.1,27.3,6.37,21.7,73.5,809.6,Sprinkler,1.54
Soybean,56.6,66.3,29.6,6.8,27.8,65.5,651.6,Drip,1.83
Soybean,28.2,79.3,55.8,7.03,21.8,54.9,1085.7,Flood,1.35
Soybean,52.3,96.3,74.2,7.8,33.1,70.6,445.7,Flood,1.18
Soybean,13.1,6.2,17.9,6.24,29.3,66.0,697.2,Flood,1.31
Soybean,37.8,48.1,41.5,6.57,22.6,66.2,690.0,Drip,1.81
Soybean,39.0,81.4,41.1,6.87,23.9,72.6,601.1,Rainfed,1.29
Soybean,14.9,18.1,7.4,6.48,30.7,60.5,911.8,Drip,1.42
Soybean,24.2,97.1,37.8,5.84,23.6,83.8,1090.2,Sprinkler,1.33
Soybean,51.4,75.8,41.0,6.59,40.0,76.8,639.4,Drip,1.5
Soybean,27.6,43.9,49.9,5.97,34.7,45.4,482.0,Flood,1.24
Soybean,24.2,43.1,39.4,6.69,18.0,68.2,713.6,Sprinkler,1.49
Soybean,43.5,55.2,32.1,7.57,24.6,48.1,628.9,Drip,1.56
Soybean,28.8,77.2,35.5,6.85,27.4,48.0,814.3,Sprinkler,1.66
Soybean,32.9,54.9,25.8,5.7,28.0,56.7,577.7,Flood,1.36
Soybean,51.8,49.5,58.3,7.16,31.0,55.5,965.0,Sprinkler,1.52
Soybean,49.1,47.3,57.2,6.97,21.6,77.7,1157.0,Drip,1.62
Soybean,39.2,84.5,73.3,6.7,18.1,68.9,976.3,Flood,1.35
Soybean,10.4,23.3,7.8,6.67,32.7,74.6,973.3,Rainfed,0.97
Soybean,42.7,59.9,33.9,4.68,24.6,67.5,829.3,Sprinkler,1.47
Soybean,38.2,78.4,41.0,4.53,26.4,75.9,877.8,Sprinkler,1.49
Soybean,31.0,61.0,36.7,7.69,20.9,74.3,641.5,Sprinkler,1.48
Soybean,25.5,91.2,72.1,7.17,18.2,77.8,1163.5,Rainfed,0.99
Soybean,41.6,62.0,56.4,7.32,28.8,78.1,584.6,Sprinkler,1.67
Soybean,29.4,67.0,72.2,6.83,22.9,59.2,942.7,Sprinkler,1.5
Soybean,50.9,74.8,30.1,7.74,18.8,48.3,1015.1,Flood,1.26
Soybean,26.5,71.6,54.9,4.37,31.1,63.6,1049.2,Rainfed,1.07
Soybean,41.0,81.1,30.6,6.26,31.9,65.2,1184.6,Drip,1.58
Soybean,36.2,65.9,74.1,6.35,26.8,66.4,1072.1,Sprinkler,1.65
Soybean,37.3,74.9,61.8,5.01,26.6,70.4,756.8,Flood,1.4
Soybean,48.3,78.5,50.7,6.87,29.7,77.2,760.6,Rainfed,1.24
Soybean,45.5,68.7,67.8,6.27,18.2,57.9,448.0,Sprinkler,1.41
Soybean,55.4,86.6,46.9,6.15,25.2,70.7,596.0,Flood,1.41
Soybean,56.8,76.5,52.8,7.13,31.8,70.8,1093.7,Drip,1.59
Soybean,30.9,86.6,29.7,7.37,24.6,48.2,788.0,Drip,1.69
Soybean,57.5,65.0,48.7,7.48,19.5,60.6,770.3,Sprinkler,1.65
Soybean,39.6,66.0,42.2,7.23,21.4,30.4,122.8,Rainfed,0.87
Soybean,43.5,56.1,32.6,6.64,37.3,60.8,679.9,Flood,1.38
Soybean,40.9,80.3,55.2,5.96,29.2,69.4,875.6,Sprinkler,1.7
Soybean,50.7,83.6,46.6,7.46,25.4,56.5,807.0,Rainfed,1.21
Soybean,40.5,73.8,46.0,6.8,34.2,65.0,647.6,Flood,1.54
Soybean,11.9,17.5,11.9,7.16,27.2,67.8,716.5,Rainfed,1.01
Soybean,47.5,86.7,57.2,6.05,29.4,60.7,819.8,Rainfed,1.27
Soybean,25.2,67.6,54.9,6.56,24.6,77.8,464.3,Drip,1.61
Soybean,59.9,65.3,69.3,6.12,21.8,78.8,1180.7,Drip,1.53
Soybean,40.4,74.8,69.3,5.89,29.8,82.1,614.9,Flood,1.34
Soybean,21.9,55.3,55.3,6.76,27.0,54.3,993.5,Drip,1.67
Soybean,25.0,53.9,35.4,5.93,21.5,69.3,1040.4,Flood,1.2
Soybean,23.5,95.5,33.8,7.1,33.5,72.9,618.8,Drip,1.56
Soybean,51.7,43.1,65.8,7.25,20.4,58.9,963.6,Sprinkler,1.42
Soybean,48.4,55.5,36.0,5.0,28.0,68.1,789.7,Flood,1.34
Soybean,52.0,69.4,46.2,6.43,19.5,53.2,964.1,Sprinkler,1.52
Soybean,26.6,67.9,63.8,6.46,29.4,72.4,752.4,Rainfed,1.19
Soybean,52.9,81.3,69.9,7.0,24.6,73.6,947.6,Sprinkler,1.68
Soybean,59.5,52.5,41.0,7.07,27.5,71.1,795.1,Sprinkler,1.63
Soybean,33.9,54.7,45.9,4.59,23.3,71.7,684.9,Rainfed,1.05
Soybean,52.7,92.5,35.9,7.46,20.2,54.1,900.4,Drip,1.63
Soybean,25.7,56.1,37.1,6.25,21.2,65.8,711.3,Rainfed,1.21
Soybean,29.1,75.8,69.9,5.8,26.8,63.0,1201.6,Flood,1.34
Soybean,35.8,85.9,58.4,5.71,32.7,60.9,969.3,Sprinkler,1.4
Soybean,48.6,74.5,73.8,6.29,19.1,65.6,787.7,Sprinkler,1.6
Soybean,57.5,78.5,69.3,7.62,20.8,72.2,700.4,Flood,1.35
Soybean,29.6,94.4,59.2,7.69,21.4,79.8,987.8,Sprinkler,1.43
Soybean,31.9,87.6,57.5,7.47,24.0,58.3,459.6,Flood,1.37
Soybean,35.0,80.5,38.0,7.61,27.1,83.8,502.9,Drip,1.73
Soybean,11.4,13.7,17.9,6.95,31.3,74.2,876.1,Flood,1.17
Soybean,56.2,55.3,50.8,7.13,20.2,82.3,653.7,Drip,1.62
Soybean,59.7,56.3,43.3,6.19,31.9,51.7,724.2,Sprinkler,1.51
Soybean,24.0,94.9,42.1,6.64,20.8,79.6,679.0,Drip,1.57
Soybean,52.0,52.7,53.3,5.77,25.5,73.6,780.3,Drip,1.77
Soybean,50.1,66.4,41.3,4.49,29.2,65.5,553.6,Flood,1.27
Soybean,22.2,79.7,52.7,7.7,22.4,79.4,693.4,Sprinkler,1.4
Soybean,30.9,80.1,45.9,7.25,37.6,54.0,827.5,Sprinkler,1.5
Soybean,34.3,47.4,62.9,6.8,23.2,61.2,457.6,Flood,1.39
Soybean,51.2,77.2,57.6,7.37,28.7,61.7,759.7,Drip,1.78
Soybean,34.3,51.6,44.3,7.28,24.9,42.7,197.5,Rainfed,0.86
Soybean,46.5,69.1,48.7,6.07,32.4,77.8,891.2,Rainfed,1.2
Soybean,48.6,81.7,47.9,6.8,38.4,75.7,557.4,Sprinkler,1.47
Soybean,35.5,43.2,74.1,6.99,25.2,48.9,1013.3,Drip,1.68
Soybean,24.3,96.2,28.5,7.5,31.1,60.0,455.4,Drip,1.42
Soybean,39.5,81.5,59.5,6.98,20.7,41.6,203.9,Rainfed,0.84
Soybean,21.9,69.0,31.9,6.08,26.2,79.7,1132.6,Rainfed,0.99
Soybean,44.4,87.9,60.0,6.08,24.8,82.2,559.8,Drip,1.7
Soybean,29.0,68.4,48.8,6.06,41.7,74.2,701.4,Rainfed,1.09
Soybean,27.9,55.8,70.4,6.31,31.9,56.4,1210.4,Rainfed,1.02
Soybean,45.5,60.5,53.8,6.06,18.4,67.8,864.3,Flood,1.36
Soybean,58.9,67.9,25.9,7.02,29.5,65.9,1005.2,Drip,1.67
Soybean,42.8,82.8,46.3,6.58,31.6,42.8,110.3,Rainfed,0.77
Soybean,61.7,45.6,27.5,6.78,23.0,68.3,1033.9,Drip,1.58
Soybean,35.4,88.9,33.9,5.76,34.5,84.2,651.3,Drip,1.58
Soybean,48.5,94.5,40.2,6.1,28.5,67.5,1028.5,Flood,1.3
Soybean,37.0,67.5,72.8,6.87,20.5,62.7,627.3,Drip,1.75
Soybean,47.6,70.0,46.3,6.38,19.5,57.0,1127.5,Flood,1.37
Soybean,33.7,46.7,55.9,6.73,30.9,61.5,1248.2,Sprinkler,1.5
Soybean,57.8,64.4,68.4,5.76,29.8,47.9,561.6,Flood,1.21
Soybean,61.0,55.3,41.1,7.2,31.9,85.0,664.2,Sprinkler,1.44
Soybean,32.1,66.1,36.8,7.37,25.3,56.4,896.0,Rainfed,1.31
Soybean,55.2,92.1,64.3,7.48,19.7,82.0,951.9,Flood,1.19
Soybean,29.7,76.2,30.0,7.16,25.0,51.1,1243.0,Rainfed,1.12
Soybean,48.8,48.4,69.9,7.55,30.7,82.1,893.5,Sprinkler,1.49
Soybean,40.7,77.9,43.9,7.04,30.2,70.0,861.9,Drip,1.89
Soybean,48.2,57.3,38.1,6.07,22.4,61.4,749.8,Rainfed,1.21
Soybean,41.4,74.1,34.8,6.99,23.7,74.4,896.9,Sprinkler,1.62
Soybean,45.7,65.8,47.4,6.27,22.9,73.0,443.5,Drip,1.76
Soybean,29.1,65.6,67.3,5.7,33.7,47.1,580.1,Drip,1.55
Soybean,48.1,52.7,68.3,7.29,22.5,77.2,1159.3,Flood,1.29
Soybean,28.1,52.3,55.4,6.96,41.4,65.6,815.0,Drip,1.66
Soybean,23.9,63.4,38.7,6.71,32.2,74.6,722.1,Sprinkler,1.6
Soybean,29.4,48.2,37.4,5.96,24.0,82.5,538.6,Flood,1.44
Soybean,29.9,73.3,56.2,5.1,25.2,63.9,784.8,Drip,1.67
Soybean,28.0,48.6,58.9,6.15,29.3,79.5,974.7,Drip,1.55
Soybean,34.6,93.9,62.1,5.98,26.1,57.7,1241.9,Rainfed,1.15
Soybean,36.0,75.6,49.1,6.15,29.2,58.4,976.0,Sprinkler,1.66
Soybean,50.8,68.0,31.2,6.08,22.2,47.5,1023.3,Sprinkler,1.56
Soybean,25.6,77.9,52.9,6.49,21.3,34.8,109.3,Rainfed,0.81
Soybean,27.0,69.1,66.3,7.48,32.4,61.8,1088.6,Flood,1.23
Soybean,34.6,81.3,70.0,7.74,22.9,83.2,849.4,Drip,1.69
Soybean,39.7,94.9,72.9,6.36,24.0,60.3,1114.2,Flood,1.37
Soybean,40.8,83.2,67.7,6.16,28.5,66.9,1049.1,Flood,1.36
Soybean,40.4,70.2,38.6,7.38,27.2,33.2,124.1,Rainfed,0.88
Soybean,11.5,26.6,10.5,6.29,29.7,60.1,655.9,Rainfed,1.07
Soybean,29.8,47.4,58.2,6.59,20.1,72.0,610.2,Sprinkler,1.52
Soybean,60.4,55.1,46.2,7.71,23.4,70.8,699.7,Drip,1.65
Soybean,47.5,76.1,45.9,6.99,22.4,60.1,802.7,Flood,1.53
Soybean,47.9,54.3,37.9,7.06,31.0,63.5,714.8,Rainfed,1.24
Soybean,50.2,94.2,61.4,6.33,24.0,60.6,465.3,Rainfed,0.8
Soybean,13.7,26.1,12.2,7.09,23.9,72.4,721.7,Flood,1.23
Soybean,45.8,45.1,55.8,5.96,26.4,71.8,561.8,Sprinkler,1.53
Soybean,59.7,97.5,57.7,7.5,29.0,80.1,795.3,Sprinkler,1.49
Soybean,54.5,87.7,44.5,6.24,28.2,80.2,1035.1,Sprinkler,1.55
Soybean,50.2,92.9,38.5,5.95,26.0,59.4,1239.4,Drip,1.62
Soybean,43.5,84.0,49.5,6.8,20.5,75.2,572.4,Rainfed,1.21
Soybean,43.9,51.8,47.7,7.79,23.2,55.8,536.8,Sprinkler,1.5
Soybean,60.4,48.5,53.0,5.9,27.7,77.6,881.0,Flood,1.34
Soybean,32.9,77.3,25.9,6.53,22.0,82.5,772.4,Flood,1.51
Soybean,33.4,80.4,52.5,6.95,18.0,55.3,1203.2,Drip,1.63
Soybean,29.1,50.2,35.8,6.86,33.6,58.0,705.2,Sprinkler,1.59
Soybean,41.8,72.0,64.0,6.88,22.1,50.0,1209.0,Flood,1.38
Soybean,47.9,52.1,40.5,6.94,26.8,56.2,780.8,Rainfed,1.3
Soybean,33.0,55.5,46.8,6.43,32.9,34.5,146.3,Rainfed,0.74
Soybean,52.7,75.4,57.0,4.75,29.0,68.5,705.9,Rainfed,1.08
Soybean,53.9,57.5,52.7,7.47,24.9,76.6,982.0,Rainfed,1.19
Soybean,25.4,52.4,43.5,7.71,22.7,82.1,588.7,Rainfed,1.14
Soybean,25.3,67.8,55.4,6.52,40.5,63.2,635.9,Flood,1.22
Soybean,55.7,67.3,40.7,6.75,27.1,57.5,882.8,Drip,1.89
Soybean,33.6,63.0,41.5,6.56,21.8,24.1,90.1,Rainfed,0.77
Soybean,35.4,86.2,51.4,6.91,27.5,61.0,1244.0,Drip,1.66
Soybean,59.8,89.2,46.0,7.62,19.7,71.1,1208.5,Flood,1.12
Soybean,51.4,58.8,31.0,7.21,21.0,49.4,892.4,Sprinkler,1.56
Soybean,27.1,64.2,56.2,7.3,28.3,46.4,557.3,Sprinkler,1.54
Soybean,45.8,45.0,64.7,6.97,33.1,61.7,842.0,Sprinkler,1.62
Soybean,33.5,77.6,42.2,7.45,18.9,46.5,523.4,Drip,1.63
Soybean,34.4,53.3,50.5,7.49,39.4,66.4,570.2,Sprinkler,1.5
Soybean,33.7,71.9,40.6,7.66,24.5,53.8,559.7,Sprinkler,1.59
Soybean,29.2,57.7,40.7,7.01,21.0,74.3,690.0,Sprinkler,1.61
Soybean,34.8,95.7,48.1,6.38,23.0,46.7,1001.5,Drip,1.82
Soybean,30.1,71.8,61.7,7.53,20.7,84.4,1183.5,Rainfed,1.12
Soybean,43.9,73.6,74.6,5.92,31.7,55.9,736.2,Drip,1.68
Soybean,62.9,64.4,58.5,5.95,33.7,78.1,756.8,Drip,1.47
Soybean,62.9,87.3,38.7,7.76,18.3,62.5,907.0,Drip,1.39
Soybean,35.4,64.5,43.2,6.85,21.0,44.3,209.2,Rainfed,0.78
Soybean,34.7,67.6,64.8,6.65,39.1,70.9,640.4,Drip,1.68
Soybean,56.1,45.4,54.0,7.8,31.3,49.8,996.6,Flood,1.21
Soybean,50.8,63.1,64.7,4.82,25.5,70.3,810.8,Drip,1.6
Soybean,41.9,77.9,35.4,4.65,30.0,79.6,992.2,Drip,1.54
Soybean,40.8,77.6,33.4,7.58,27.5,45.9,955.3,Sprinkler,1.53
Soybean,54.2,94.4,74.7,6.85,27.5,45.9,1149.4,Drip,1.55
Soybean,27.1,50.1,29.2,6.37,25.2,63.6,800.6,Sprinkler,1.62
Soybean,47.8,43.5,34.0,6.43,34.1,48.1,1022.3,Drip,1.67
Soybean,39.3,92.5,28.8,6.81,24.2,83.6,1090.8,Drip,1.69
Soybean,30.1,47.2,52.2,7.25,30.2,66.4,844.0,Rainfed,1.24
Soybean,43.9,81.3,41.8,6.33,31.6,37.3,67.9,Rainfed,0.83
Soybean,49.6,74.2,56.0,6.89,31.6,57.8,1020.9,Rainfed,1.26
Soybean,53.0,50.9,37.6,6.72,38.4,68.9,646.4,Sprinkler,1.44
Soybean,43.4,57.2,60.2,5.99,26.7,52.8,853.9,Drip,1.79
Soybean,40.2,62.1,64.8,4.43,28.2,76.7,869.0,Sprinkler,1.45
Soybean,49.2,51.8,61.0,6.88,31.0,20.3,197.8,Rainfed,0.81
Soybean,49.9,77.2,33.5,6.78,22.7,67.4,1045.2,Drip,1.68
Soybean,47.2,58.8,72.4,6.79,21.1,49.3,884.2,Sprinkler,1.7
Soybean,51.7,58.9,33.0,6.43,25.7,29.0,181.6,Rainfed,0.88
Soybean,57.3,55.0,43.3,6.64,23.0,75.7,775.8,Flood,1.54
Soybean,31.1,59.7,30.1,6.86,38.3,77.0,570.4,Rainfed,1.27
Soybean,28.8,50.1,36.3,7.24,30.4,60.2,884.0,Rainfed,1.23
Soybean,28.5,78.4,33.2,7.11,29.3,70.7,688.3,Rainfed,1.2
Soybean,53.2,77.7,65.1,7.14,22.7,51.1,958.2,Flood,1.36
Soybean,53.3,62.0,51.1,4.9,31.8,63.1,730.2,Rainfed,1.05
Soybean,57.7,61.3,71.4,5.82,20.0,63.4,1033.3,Sprinkler,1.32
Soybean,31.4,71.0,51.4,7.28,27.2,69.6,874.3,Rainfed,1.27
Soybean,53.0,77.2,51.5,6.42,31.3,52.6,470.0,Flood,1.37
Soybean,48.0,68.8,39.8,7.68,20.8,75.1,1096.0,Rainfed,1.17
Soybean,43.7,93.3,65.0,7.3,31.4,64.7,474.0,Drip,1.51
Soybean,44.4,66.7,37.1,7.21,33.5,75.8,538.4,Sprinkler,1.61
Soybean,46.1,66.8,39.5,6.39,22.1,52.8,922.9,Sprinkler,1.58
Soybean,49.8,95.7,42.7,6.33,25.6,74.0,1228.5,Sprinkler,1.52
Soybean,40.8,44.7,69.5,6.31,20.4,84.8,724.9,Drip,1.7
Soybean,37.7,74.5,31.5,4.45,24.5,57.3,877.1,Rainfed,1.02
Soybean,36.2,42.9,25.8,6.83,27.4,67.2,1031.8,Rainfed,1.15
Soybean,45.3,97.7,31.8,7.37,35.0,77.2,1069.1,Drip,1.52
Soybean,40.7,50.7,55.5,6.73,26.0,24.9,111.4,Rainfed,0.89
Soybean,33.8,68.4,53.6,7.01,21.1,74.1,1015.4,Rainfed,1.17
Soybean,41.2,80.7,59.0,6.8,36.4,67.0,727.6,Sprinkler,1.65
Soybean,52.0,65.9,27.5,7.06,28.8,47.9,580.1,Sprinkler,1.54
Soybean,52.9,63.9,58.2,7.18,29.0,68.8,1100.7,Flood,1.39
Soybean,10.5,21.2,17.6,7.02,32.8,63.0,998.9,Rainfed,1.02
Soybean,32.2,48.5,41.7,6.23,18.5,61.4,462.2,Drip,1.52
Soybean,33.8,93.9,61.4,6.48,21.6,50.5,1065.2,Sprinkler,1.55
Soybean,51.7,51.5,44.6,6.89,27.6,50.6,655.3,Rainfed,1.25
Soybean,28.0,60.9,41.7,7.42,21.3,66.9,1082.0,Flood,1.29
Soybean,33.8,88.0,62.1,7.18,19.1,46.7,1010.2,Rainfed,1.15
Soybean,34.0,79.9,60.6,7.12,34.1,59.7,472.5,Rainfed,0.86
Kidney Beans,55.6,62.4,49.9,6.0,35.8,47.1,694.9,Rainfed,0.82
Kidney Beans,58.9,60.1,61.0,6.29,25.5,69.2,715.7,Drip,1.37
Kidney Beans,25.4,102.4,29.0,5.78,29.2,47.5,439.1,Flood,0.92
Kidney Beans,31.5,63.4,43.7,6.08,24.3,74.6,569.7,Rainfed,0.96
Kidney Beans,29.1,66.4,51.8,5.66,16.1,55.1,893.1,Sprinkler,1.11
Kidney Beans,27.7,50.1,23.2,6.99,29.1,44.6,469.2,Drip,1.02
Kidney Beans,67.0,58.5,34.0,5.96,21.5,67.3,673.1,Rainfed,0.94
Kidney Beans,39.3,85.7,60.3,6.7,26.2,70.0,544.7,Flood,1.07
Kidney Beans,46.7,75.2,53.2,6.92,18.7,72.1,889.9,Drip,1.22
Kidney Beans,48.2,73.0,54.6,5.8,17.2,41.5,82.0,Rainfed,0.62
Kidney Beans,47.4,65.8,33.3,7.13,15.2,56.2,322.1,Flood,1.0
Kidney Beans,34.9,50.4,33.5,6.07,16.2,62.0,572.4,Rainfed,0.91
Kidney Beans,13.6,25.9,9.9,6.95,26.9,61.5,600.2,Rainfed,0.72
Kidney Beans,38.9,85.9,60.2,6.5,28.7,49.4,1004.7,Flood,0.97
Kidney Beans,57.6,70.3,48.7,5.54,24.5,73.4,624.8,Rainfed,0.98
Kidney Beans,29.7,67.1,27.8,6.24,22.2,77.8,608.8,Sprinkler,1.26
Kidney Beans,36.6,83.6,53.1,5.89,15.8,60.1,569.8,Drip,1.32
Kidney Beans,30.6,99.8,54.6,6.9,19.6,59.4,735.3,Flood,1.06
Kidney Beans,25.0,97.6,60.6,6.45,16.2,72.7,704.0,Flood,1.0
Kidney Beans,35.4,55.1,58.9,5.51,24.7,52.0,717.5,Sprinkler,1.27
Kidney Beans,67.8,50.5,37.7,6.1,23.7,56.3,387.9,Rainfed,0.57
Kidney Beans,31.6,48.6,27.5,5.55,16.4,56.8,756.7,Sprinkler,1.07
Kidney Beans,47.2,52.5,42.6,5.95,21.4,25.6,117.6,Rainfed,0.67
Kidney Beans,39.8,86.9,51.2,6.39,22.4,22.8,72.0,Rainfed,0.62
Kidney Beans,44.6,87.1,40.6,5.46,20.5,46.5,845.8,Drip,1.4
Kidney Beans,12.8,6.4,10.9,6.63,19.3,59.7,817.9,Drip,1.05
Kidney Beans,66.6,100.0,50.4,6.25,16.3,75.3,377.4,Sprinkler,1.08
Kidney Beans,29.4,61.9,42.9,6.77,20.0,72.4,509.9,Rainfed,0.93
Kidney Beans,56.4,59.2,22.4,5.97,13.8,76.0,987.5,Flood,0.88
Kidney Beans,54.5,51.5,40.7,4.98,19.5,71.9,799.1,Flood,1.04
Kidney Beans,42.2,55.7,28.4,6.76,22.8,56.2,664.5,Sprinkler,1.25
Kidney Beans,39.8,73.0,28.5,6.03,19.6,51.4,1018.9,Drip,1.23
Kidney Beans,29.6,93.7,59.6,6.04,27.0,50.0,418.0,Drip,1.15
Kidney Beans,40.9,85.8,31.6,5.24,21.3,57.9,362.0,Drip,1.19
Kidney Beans,32.5,96.0,28.5,5.24,20.6,79.4,763.7,Sprinkler,1.13
Kidney Beans,45.4,60.6,27.1,6.63,34.5,70.3,516.9,Sprinkler,1.11
Kidney Beans,11.5,21.4,13.3,5.98,25.4,65.3,556.9,Sprinkler,1.0
Kidney Beans,51.6,74.1,46.6,5.24,13.1,62.0,686.9,Drip,1.26
Kidney Beans,57.4,75.5,43.0,6.71,15.9,58.3,423.6,Sprinkler,1.09
Kidney Beans,41.3,75.7,25.0,6.57,24.3,31.1,87.8,Rainfed,0.64
Kidney Beans,58.7,102.5,36.9,7.1,14.5,56.5,645.8,Sprinkler,1.04
Kidney Beans,47.6,97.7,21.4,6.52,20.0,60.2,840.7,Drip,1.3
Kidney Beans,27.2,74.9,52.4,6.18,16.4,22.1,81.0,Rainfed,0.55
Kidney Beans,60.4,70.4,33.9,6.46,26.8,42.6,987.4,Sprinkler,1.13
Kidney Beans,45.4,66.0,38.6,6.45,14.0,47.0,478.9,Sprinkler,1.28
Kidney Beans,24.0,45.9,21.7,5.28,27.6,67.9,1017.2,Drip,0.96
Kidney Beans,54.5,81.6,36.2,5.99,27.4,68.5,789.2,Drip,1.35
Kidney Beans,57.7,49.8,23.0,6.18,23.1,52.9,821.2,Sprinkler,1.16
Kidney Beans,25.3,46.6,59.3,6.61,24.4,41.1,976.4,Flood,0.95
Kidney Beans,40.1,71.8,53.9,6.81,23.4,48.7,893.2,Sprinkler,1.19
Kidney Beans,10.1,6.5,14.2,6.83,21.6,59.8,765.6,Rainfed,0.75
Kidney Beans,26.1,73.7,41.7,6.76,23.8,71.4,799.3,Rainfed,0.9
Kidney Beans,27.8,80.9,57.9,5.36,22.5,44.6,338.9,Flood,1.01
Kidney Beans,25.1,48.9,57.6,6.26,17.6,69.5,946.1,Flood,1.06
Kidney Beans,34.7,60.1,57.5,6.49,17.0,61.0,800.1,Drip,1.27
Kidney Beans,53.4,51.6,30.6,7.05,24.5,60.0,467.6,Drip,1.25
Kidney Beans,28.7,71.9,38.4,6.2,14.8,44.3,994.9,Rainfed,0.91
Kidney Beans,26.8,60.6,34.4,6.45,22.9,76.9,873.0,Flood,1.06
Kidney Beans,59.5,62.8,30.3,6.4,24.7,55.5,913.8,Rainfed,0.8
Kidney Beans,22.4,50.4,56.8,6.74,20.1,75.6,566.0,Sprinkler,1.27
Kidney Beans,30.1,59.9,59.7,5.59,16.0,59.2,384.5,Flood,0.97
Kidney Beans,59.7,78.5,37.6,7.27,14.1,63.1,1012.7,Flood,0.84
Kidney Beans,22.8,43.8,22.8,7.28,29.7,53.4,523.7,Drip,1.03
Kidney Beans,62.6,88.1,48.4,6.81,25.6,59.0,555.1,Drip,1.18
Kidney Beans,67.1,77.9,59.6,5.23,26.5,74.1,761.7,Rainfed,0.71
Kidney Beans,54.9,74.8,32.8,6.06,17.0,34.8,114.5,Rainfed,0.63
Kidney Beans,62.1,93.6,44.3,6.57,26.2,43.7,530.4,Drip,1.32
Kidney Beans,51.7,63.6,28.2,4.82,16.8,53.8,625.2,Drip,1.24
Kidney Beans,45.8,76.9,34.3,4.82,20.7,70.7,576.6,Drip,1.31
Kidney Beans,48.8,82.2,21.4,6.97,17.6,58.9,909.1,Rainfed,0.85
Kidney Beans,22.4,65.0,31.6,7.22,17.5,77.7,976.3,Flood,0.94
Kidney Beans,31.7,87.2,43.1,5.89,23.3,61.9,524.6,Drip,1.37
Kidney Beans,43.9,60.9,32.3,7.2,27.7,72.7,470.0,Drip,1.22
Kidney Beans,31.8,65.6,57.1,7.07,29.9,77.8,789.9,Sprinkler,1.08
Kidney Beans,52.6,70.2,39.6,4.43,19.9,57.9,407.2,Rainfed,0.87
Kidney Beans,66.3,68.4,58.9,7.0,15.1,78.7,1017.4,Sprinkler,0.98
Kidney Beans,65.8,43.7,60.3,6.52,27.1,61.6,691.4,Flood,0.84
Kidney Beans,46.0,69.7,28.8,6.03,17.8,56.0,735.2,Sprinkler,1.3
Kidney Beans,10.1,11.5,9.7,6.54,20.0,61.1,635.9,Drip,1.13
Kidney Beans,47.3,60.0,59.6,5.91,25.4,45.9,429.5,Sprinkler,1.14
Kidney Beans,39.8,50.3,29.0,6.37,21.4,55.9,815.4,Rainfed,0.98
Kidney Beans,46.4,71.6,35.4,7.11,20.7,61.1,779.5,Drip,1.26
Kidney Beans,45.7,82.6,53.7,7.04,19.7,72.5,501.2,Flood,1.07
Kidney Beans,27.7,80.1,47.9,5.91,26.9,39.1,83.7,Rainfed,0.55
Kidney Beans,35.2,58.7,37.0,4.03,20.2,51.6,519.0,Sprinkler,1.24
Kidney Beans,59.5,54.8,33.2,6.52,18.1,20.8,62.1,Rainfed,0.67
Kidney Beans,41.8,101.8,40.8,6.62,21.4,50.8,393.8,Flood,1.13
Kidney Beans,38.2,61.8,54.8,6.6,33.3,69.9,620.3,Drip,1.24
Kidney Beans,53.0,73.0,43.2,6.25,21.4,70.0,619.0,Drip,1.52
Kidney Beans,60.2,70.3,48.3,7.07,26.1,75.4,326.7,Drip,1.16
Kidney Beans,61.7,93.6,29.0,5.5,27.2,61.7,758.7,Flood,0.94
Kidney Beans,26.6,47.9,32.9,5.87,17.1,69.7,1001.3,Drip,1.13
Kidney Beans,23.4,49.8,42.9,7.3,29.1,44.5,487.8,Rainfed,0.8
Kidney Beans,31.0,85.5,51.2,6.79,33.3,46.7,448.0,Rainfed,0.76
Kidney Beans,14.4,29.7,13.2,6.59,22.7,68.1,826.2,Sprinkler,0.97
Kidney Beans,36.7,86.4,43.3,4.81,15.1,60.0,594.0,Drip,1.16
Kidney Beans,51.6,42.6,35.0,5.91,25.0,68.0,644.9,Rainfed,0.9
Kidney Beans,42.3,96.7,31.7,6.88,21.7,50.0,689.1,Drip,1.3
Kidney Beans,13.4,8.1,8.5,6.7,18.1,59.8,683.8,Rainfed,0.77
Kidney Beans,62.7,81.2,51.6,6.3,20.2,67.7,1001.2,Drip,1.2
Kidney Beans,37.0,67.8,47.6,6.28,13.3,56.5,753.6,Sprinkler,1.2
Kidney Beans,50.8,79.7,39.7,5.68,32.8,52.6,751.5,Rainfed,0.89
Kidney Beans,57.7,68.2,37.1,5.6,35.4,65.8,569.1,Flood,0.99
Kidney Beans,43.2,82.7,53.8,7.03,20.8,54.5,1008.3,Drip,1.26
Kidney Beans,31.3,51.4,39.7,6.98,32.2,61.1,701.9,Drip,1.22
Kidney Beans,37.6,57.9,39.5,6.17,22.0,78.7,953.3,Sprinkler,1.21
Kidney Beans,28.1,78.4,36.7,6.76,36.7,57.5,607.2,Flood,0.99
Kidney Beans,38.4,71.2,52.9,5.82,16.4,45.1,689.6,Drip,1.35
Kidney Beans,43.3,74.9,32.3,5.57,24.9,48.4,866.1,Drip,1.36
Kidney Beans,68.8,65.4,58.3,5.56,18.7,45.8,742.5,Sprinkler,1.15
Kidney Beans,55.6,95.4,53.9,5.71,18.4,55.2,462.6,Sprinkler,1.14
Kidney Beans,53.0,53.2,53.1,5.23,14.9,41.2,414.8,Flood,0.95
Kidney Beans,34.6,49.8,32.7,6.56,19.0,78.4,411.7,Rainfed,0.9
Kidney Beans,48.3,48.4,58.0,5.49,23.0,41.3,537.7,Drip,1.28
Kidney Beans,21.8,64.0,34.0,6.58,14.0,72.4,646.6,Sprinkler,1.16
Kidney Beans,33.0,52.8,51.8,5.5,15.9,63.1,478.3,Sprinkler,1.04
Kidney Beans,34.4,63.5,30.1,6.17,29.9,54.5,777.3,Sprinkler,1.2
Kidney Beans,13.1,10.8,9.8,5.58,23.8,61.2,691.3,Sprinkler,1.03
Kidney Beans,38.8,46.2,24.4,6.08,16.0,44.2,503.6,Flood,1.07
Kidney Beans,34.0,60.9,58.4,6.57,26.6,51.6,1017.7,Drip,1.13
Kidney Beans,64.3,76.2,45.8,6.83,18.2,61.1,951.7,Drip,1.18
Kidney Beans,24.3,54.0,60.1,5.46,23.7,71.3,481.9,Flood,1.01
Kidney Beans,14.3,10.8,9.4,6.43,26.9,45.5,495.7,Flood,0.93
Kidney Beans,21.4,87.6,47.1,7.29,14.5,72.5,973.7,Rainfed,0.71
Kidney Beans,36.9,81.5,34.1,6.07,20.6,52.1,559.3,Drip,1.42
Kidney Beans,46.6,74.0,42.6,6.46,25.6,42.8,75.3,Rainfed,0.55
Kidney Beans,25.0,49.8,48.7,6.22,25.9,57.0,409.3,Flood,1.04
Kidney Beans,51.6,93.8,41.7,7.24,26.5,56.1,586.9,Rainfed,0.76
Kidney Beans,50.9,88.7,44.8,5.53,18.4,62.3,332.7,Sprinkler,1.08
Kidney Beans,14.1,9.5,10.0,6.35,20.1,52.6,807.1,Drip,1.13
Kidney Beans,45.6,76.5,58.4,5.23,14.1,46.5,341.0,Flood,0.88
Kidney Beans,46.9,79.2,30.7,5.89,32.5,49.5,510.0,Drip,1.26
Kidney Beans,50.9,78.4,42.4,5.74,16.8,62.0,369.1,Drip,1.29
Kidney Beans,21.8,49.1,45.7,6.98,29.2,74.4,794.3,Drip,1.14
Kidney Beans,46.4,51.4,47.2,4.85,16.0,72.2,634.9,Flood,0.96
Kidney Beans,47.5,79.8,53.6,6.86,21.8,43.0,710.4,Sprinkler,1.29
Kidney Beans,45.6,57.2,25.9,6.0,18.5,39.7,91.1,Rainfed,0.59
Kidney Beans,68.3,64.1,23.6,5.61,28.3,68.0,873.1,Drip,1.04
Kidney Beans,10.5,23.6,8.9,5.54,27.2,48.5,748.4,Sprinkler,0.96
Kidney Beans,43.8,43.6,24.6,6.48,16.3,67.8,869.8,Flood,1.01
Kidney Beans,43.7,67.5,51.8,6.58,17.7,21.1,128.0,Rainfed,0.65
Kidney Beans,33.2,72.7,51.7,5.61,21.1,44.7,691.5,Sprinkler,1.29
Kidney Beans,43.7,78.3,63.1,6.51,25.8,47.7,691.0,Drip,1.46
Kidney Beans,58.1,60.8,52.5,6.35,26.2,56.4,384.3,Sprinkler,1.09
Kidney Beans,66.8,52.4,48.8,6.2,19.4,71.8,887.5,Flood,1.01
Kidney Beans,35.2,56.9,37.6,6.18,22.8,26.7,134.4,Rainfed,0.63
Kidney Beans,10.6,25.9,13.9,6.65,22.6,62.1,611.6,Flood,0.93
Kidney Beans,10.8,29.8,9.1,6.85,17.2,57.8,832.2,Sprinkler,1.0
Kidney Beans,23.2,51.8,48.0,6.14,27.1,53.7,857.0,Drip,1.21
Kidney Beans,49.2,58.3,46.6,4.7,23.0,54.2,469.9,Rainfed,0.88
Kidney Beans,63.4,95.6,54.3,6.68,24.5,42.2,844.7,Sprinkler,1.12
Kidney Beans,65.8,68.0,44.4,7.1,18.4,71.9,1014.4,Flood,0.9
Kidney Beans,45.9,51.8,28.6,6.74,13.0,66.5,425.9,Rainfed,0.85
Kidney Beans,60.4,70.5,60.5,6.21,17.3,63.7,780.6,Sprinkler,1.12
Kidney Beans,41.3,42.8,32.4,7.19,26.0,47.6,366.7,Sprinkler,1.01
Kidney Beans,21.3,59.4,49.8,6.35,26.2,46.3,691.7,Drip,1.32
Kidney Beans,27.5,51.6,35.0,6.04,21.5,63.2,648.2,Drip,1.38
Kidney Beans,11.8,25.0,5.3,5.85,19.5,65.1,543.7,Rainfed,0.77
Kidney Beans,67.9,89.6,53.9,6.46,21.6,62.0,776.5,Sprinkler,1.17
Kidney Beans,39.5,84.9,28.9,7.23,24.2,42.7,690.8,Flood,1.08
Kidney Beans,23.7,72.3,56.3,5.73,25.2,56.3,361.7,Drip,1.22
Kidney Beans,31.3,68.8,62.3,6.06,18.9,44.4,847.3,Sprinkler,1.16
Kidney Beans,45.6,53.1,28.7,7.17,28.1,64.4,320.9,Sprinkler,0.93
Kidney Beans,23.2,82.5,34.4,6.37,24.2,57.6,423.9,Sprinkler,1.24
Kidney Beans,46.8,50.0,55.9,5.67,19.3,57.2,557.8,Sprinkler,1.18
Kidney Beans,22.2,73.5,25.9,5.79,18.5,43.3,572.4,Sprinkler,1.21
Kidney Beans,34.6,60.5,47.9,6.71,22.8,79.0,981.4,Drip,1.28
Kidney Beans,58.4,77.1,27.8,6.62,19.9,72.6,528.8,Rainfed,0.91
Kidney Beans,56.9,58.2,28.9,5.21,21.3,77.1,517.0,Drip,1.24
Kidney Beans,39.5,71.5,28.1,5.39,25.7,49.8,880.3,Flood,1.03
Kidney Beans,55.3,63.3,32.6,6.32,16.0,33.3,83.4,Rainfed,0.66
Kidney Beans,42.6,77.7,53.5,6.77,16.2,52.0,563.8,Drip,1.32
Kidney Beans,12.8,11.2,11.5,5.7,19.3,57.0,749.7,Sprinkler,0.99
Kidney Beans,42.0,68.3,47.8,6.4,20.2,40.7,754.7,Flood,1.16
Kidney Beans,68.1,51.0,30.6,6.33,17.0,41.4,601.6,Drip,1.26
Kidney Beans,31.1,67.1,54.3,6.0,23.2,74.7,518.8,Rainfed,0.93
Kidney Beans,44.3,86.9,25.8,4.49,19.1,62.1,404.2,Sprinkler,1.02
Kidney Beans,49.7,82.5,35.4,4.97,21.0,48.0,780.8,Rainfed,0.93
Kidney Beans,33.3,86.7,49.1,5.71,15.6,22.3,82.3,Rainfed,0.54
Kidney Beans,29.3,68.8,45.3,6.05,17.3,58.6,743.1,Rainfed,0.98
Kidney Beans,37.2,78.0,28.8,6.95,35.7,53.9,419.1,Flood,0.97
Kidney Beans,46.0,82.5,63.0,6.83,22.2,70.8,652.7,Drip,1.45
Kidney Beans,40.3,42.6,28.7,5.47,29.3,42.6,670.7,Rainfed,0.86
Kidney Beans,38.1,54.3,56.8,5.32,26.7,44.1,757.9,Sprinkler,1.22
Kidney Beans,39.8,100.9,38.2,6.63,23.9,43.5,840.4,Drip,1.37
Kidney Beans,48.0,74.2,42.5,6.91,29.9,65.3,585.0,Drip,1.28
Kidney Beans,59.7,77.9,53.7,4.42,23.2,60.4,616.9,Sprinkler,1.12
Kidney Beans,23.2,99.1,35.1,7.12,14.8,69.8,725.6,Sprinkler,1.13
Kidney Beans,38.7,51.4,38.0,5.92,31.4,53.8,532.3,Flood,1.11
Kidney Beans,67.8,100.2,58.2,7.28,19.4,77.9,852.7,Drip,1.04
Kidney Beans,43.1,73.2,30.5,5.69,36.8,71.8,697.0,Sprinkler,1.14
Kidney Beans,43.6,80.7,63.0,6.46,28.8,50.2,598.9,Sprinkler,1.24
Kidney Beans,67.9,86.8,41.4,6.78,20.9,40.7,700.2,Sprinkler,1.15
Kidney Beans,11.2,23.7,10.1,5.83,21.4,45.0,788.2,Rainfed,0.78
Kidney Beans,61.5,98.4,55.7,6.44,27.6,62.6,570.4,Sprinkler,1.18
Kidney Beans,52.6,75.9,49.6,6.97,18.3,50.8,553.4,Rainfed,0.93
Kidney Beans,21.9,43.1,30.4,5.99,18.1,73.0,802.8,Flood,1.07
Kidney Beans,43.9,60.1,51.0,6.3,14.3,40.0,334.2,Drip,1.19
Kidney Beans,35.8,52.1,42.9,7.24,15.7,50.0,643.5,Sprinkler,1.19
Kidney Beans,61.6,103.4,40.8,7.29,25.4,66.3,767.8,Rainfed,0.92
Kidney Beans,29.8,72.6,60.8,6.0,17.0,44.1,738.1,Flood,1.09
Kidney Beans,32.9,49.9,56.3,7.12,16.7,68.9,733.6,Drip,1.16
Kidney Beans,43.7,85.2,33.9,6.91,17.5,54.6,594.0,Drip,1.42
Kidney Beans,36.9,90.2,42.2,5.54,18.4,63.7,781.1,Sprinkler,1.19
Kidney Beans,49.6,62.8,30.7,7.19,18.4,53.4,947.7,Drip,1.25
Kidney Beans,61.6,89.4,41.7,5.45,29.5,65.0,682.0,Flood,1.0
Kidney Beans,48.2,94.9,37.8,6.82,17.4,68.1,677.3,Drip,1.32
Kidney Beans,50.1,94.6,37.6,6.97,13.6,54.6,371.1,Rainfed,0.55
Kidney Beans,36.3,72.5,43.6,6.98,22.2,57.3,992.9,Rainfed,0.95
Kidney Beans,37.0,102.7,36.2,6.53,26.8,45.8,530.4,Drip,1.26
Kidney Beans,59.5,58.1,21.4,6.09,24.7,64.9,632.0,Drip,1.32
Kidney Beans,34.4,53.9,25.0,6.4,32.3,45.4,561.6,Flood,1.02
Kidney Beans,25.5,64.9,59.9,6.46,24.3,52.1,375.0,Sprinkler,1.06
Kidney Beans,59.8,67.8,41.5,6.25,35.8,53.0,476.7,Rainfed,0.83
Kidney Beans,54.2,99.8,55.2,5.76,26.9,56.5,442.8,Sprinkler,1.15
Kidney Beans,28.3,48.3,26.0,7.2,29.2,78.8,531.7,Drip,1.16
Kidney Beans,68.4,47.3,52.9,5.81,28.5,43.6,942.0,Drip,0.97
Kidney Beans,42.0,82.4,22.2,6.65,13.4,47.4,744.7,Drip,1.28
Kidney Beans,58.7,85.5,32.5,5.3,29.6,45.9,901.4,Drip,1.15
Kidney Beans,22.2,58.4,53.4,5.56,14.9,41.8,671.7,Flood,0.95
Kidney Beans,34.0,49.9,38.2,5.32,18.6,65.7,437.7,Sprinkler,1.09
Kidney Beans,62.3,103.1,55.9,6.37,14.7,78.2,922.0,Flood,0.84
Kidney Beans,42.6,49.8,60.6,7.18,17.3,67.8,462.4,Sprinkler,1.08
Kidney Beans,37.7,90.8,33.9,6.91,22.7,71.2,963.2,Drip,1.17
Kidney Beans,23.9,67.3,31.2,6.4,26.3,59.5,553.5,Drip,1.24
Kidney Beans,48.6,51.8,54.0,5.1,16.6,48.4,642.6,Rainfed,0.91
Kidney Beans,31.2,50.5,46.2,6.99,24.0,53.9,1003.9,Rainfed,0.84
Kidney Beans,33.6,51.7,44.5,7.2,27.9,44.3,359.9,Flood,0.98
Kidney Beans,35.8,76.8,30.6,7.19,27.1,78.5,450.9,Flood,0.92
Kidney Beans,66.3,84.7,36.4,7.3,18.9,72.5,869.1,Flood,0.97
Kidney Beans,26.4,103.2,28.0,6.45,17.2,46.8,711.6,Flood,1.01
Kidney Beans,57.8,60.6,50.3,5.36,19.1,59.0,867.4,Drip,1.19
Kidney Beans,51.3,80.6,43.0,5.89,24.4,73.5,427.7,Drip,1.37
Kidney Beans,52.4,71.7,48.4,5.48,16.5,77.1,965.5,Flood,1.01
Kidney Beans,52.2,84.5,42.9,6.77,13.5,50.2,876.1,Rainfed,0.84
Kidney Beans,13.3,29.6,9.8,6.09,18.2,74.5,514.0,Drip,1.17
Kidney Beans,34.1,75.4,35.9,4.48,15.3,62.7,454.9,Drip,1.19
Kidney Beans,45.2,58.6,33.1,6.43,24.6,67.2,617.0,Rainfed,0.92
Kidney Beans,58.9,54.3,27.6,6.6,20.0,68.4,499.6,Drip,1.29
Kidney Beans,26.3,53.4,22.8,6.09,29.8,75.0,763.0,Flood,1.03
Kidney Beans,38.9,53.1,48.7,5.61,20.1,73.0,410.5,Drip,1.31
Kidney Beans,45.3,60.9,42.5,5.78,29.7,59.7,840.6,Flood,0.97
Kidney Beans,32.7,73.7,49.9,6.17,14.4,40.7,549.5,Drip,1.4
Kidney Beans,44.1,53.5,32.6,6.08,19.2,53.9,412.3,Rainfed,0.91
Kidney Beans,14.6,15.8,6.8,6.69,26.1,51.3,721.1,Sprinkler,0.92
Kidney Beans,47.7,88.2,45.9,5.28,16.6,43.2,394.7,Drip,1.28
Kidney Beans,29.8,94.7,52.8,6.4,21.3,50.2,652.5,Sprinkler,1.31
Kidney Beans,31.5,75.4,42.4,6.2,20.8,44.4,448.0,Drip,1.44
Kidney Beans,30.6,62.7,34.0,4.08,17.0,70.7,665.1,Drip,1.12
Kidney Beans,37.7,78.3,62.9,5.83,28.8,52.8,698.2,Sprinkler,1.2
Kidney Beans,24.2,80.8,53.2,6.19,14.8,49.8,795.8,Flood,1.09
Kidney Beans,12.3,25.3,11.9,5.59,21.5,74.7,538.5,Sprinkler,0.95
Kidney Beans,32.1,78.1,44.8,4.45,18.7,72.6,457.2,Drip,1.19
Kidney Beans,31.0,49.8,57.2,5.27,29.4,56.7,493.2,Sprinkler,1.02
Kidney Beans,31.2,52.5,36.0,4.61,25.0,60.0,752.1,Flood,0.99
Kidney Beans,52.7,66.0,43.7,5.84,21.8,69.9,711.1,Sprinkler,1.28
Kidney Beans,35.0,71.9,62.3,7.23,13.1,61.3,555.8,Drip,1.13
Kidney Beans,22.5,99.0,45.1,6.64,23.3,79.6,1010.4,Sprinkler,1.15
Kidney Beans,50.8,61.5,29.3,6.05,24.6,42.2,680.0,Sprinkler,1.31
Kidney Beans,58.3,69.0,50.9,5.59,36.7,50.6,841.0,Sprinkler,1.02
Kidney Beans,64.9,96.6,22.8,6.04,28.2,70.2,639.7,Flood,1.03
Kidney Beans,48.6,86.5,61.1,5.75,25.9,65.8,806.6,Sprinkler,1.07
Kidney Beans,44.2,49.9,49.8,5.47,18.5,49.1,697.3,Drip,1.34
Kidney Beans,42.9,96.6,43.9,6.69,18.6,62.5,828.5,Drip,1.29
Kidney Beans,48.4,69.0,51.2,5.87,25.1,62.0,491.9,Flood,1.1
Kidney Beans,37.3,92.6,23.4,5.22,14.9,75.0,693.6,Sprinkler,1.12
Kidney Beans,23.7,66.1,48.3,6.05,13.5,66.0,594.0,Drip,1.26
Kidney Beans,30.1,64.5,52.8,6.9,26.5,67.8,699.3,Sprinkler,1.14
Kidney Beans,63.2,82.1,40.9,6.73,14.1,77.8,703.3,Sprinkler,1.12
Kidney Beans,25.2,101.8,38.5,5.86,21.9,42.6,915.3,Sprinkler,1.13
Kidney Beans,11.4,8.1,5.4,6.76,16.0,48.4,507.0,Flood,0.83
Kidney Beans,41.3,57.1,31.3,6.05,24.9,38.6,95.6,Rainfed,0.58
Kidney Beans,42.8,56.3,44.0,6.29,22.3,74.8,412.9,Rainfed,1.03
Kidney Beans,63.7,78.8,30.3,6.41,16.0,45.6,777.8,Rainfed,0.86
Kidney Beans,59.2,52.8,48.7,6.74,13.7,43.9,867.1,Sprinkler,1.08
Kidney Beans,57.7,90.8,30.0,5.6,29.7,67.8,800.7,Drip,1.14
Kidney Beans,23.4,59.3,28.8,6.69,25.2,61.4,323.7,Flood,0.93
Kidney Beans,24.1,59.3,52.4,6.5,24.6,68.3,800.3,Drip,1.24
Kidney Beans,41.7,91.8,60.7,6.16,14.5,77.5,376.3,Drip,1.24
Kidney Beans,65.7,101.1,35.1,7.02,24.5,51.0,979.0,Drip,1.14
Kidney Beans,40.2,84.6,22.9,7.07,24.2,51.0,780.8,Sprinkler,1.16
Kidney Beans,25.2,91.9,25.0,6.1,20.4,62.2,347.7,Drip,1.24
Kidney Beans,26.5,58.4,46.7,6.5,31.4,64.8,818.8,Flood,0.97
Kidney Beans,41.3,65.6,42.1,5.35,13.7,42.6,460.0,Drip,1.2
Kidney Beans,56.8,56.5,49.5,5.8,31.2,60.5,543.2,Rainfed,0.72
Kidney Beans,60.0,65.7,32.6,5.78,21.7,35.2,102.0,Rainfed,0.54
Kidney Beans,29.3,69.5,24.8,7.02,13.8,55.2,390.1,Flood,0.92
Kidney Beans,65.0,97.9,31.7,6.71,13.5,45.3,669.6,Drip,1.17
Kidney Beans,65.7,42.8,31.0,6.12,22.6,76.6,944.3,Sprinkler,1.14
Kidney Beans,41.4,58.9,40.5,6.46,26.4,25.3,84.2,Rainfed,0.6
Kidney Beans,32.0,62.8,58.4,5.49,20.5,52.4,374.0,Drip,1.26
Kidney Beans,47.0,89.6,27.6,6.84,20.2,70.0,479.4,Flood,1.11
Kidney Beans,21.6,74.2,34.3,5.32,20.6,52.5,463.1,Drip,1.22
Kidney Beans,35.6,85.5,47.8,6.31,36.4,59.6,654.9,Rainfed,0.85
Kidney Beans,68.9,85.7,31.0,6.36,14.9,52.0,822.1,Drip,1.2
Kidney Beans,31.4,70.8,46.5,6.88,20.7,46.9,451.6,Flood,1.1
Kidney Beans,45.5,58.4,43.9,6.66,26.5,38.4,113.4,Rainfed,0.6
Kidney Beans,12.6,22.6,9.3,6.81,20.0,54.2,650.7,Sprinkler,1.13
Kidney Beans,35.0,103.5,24.8,6.39,21.8,50.2,984.0,Sprinkler,1.11
Kidney Beans,35.5,96.2,28.2,5.76,15.5,44.2,530.2,Rainfed,0.81
